datetime,code,name,open,high,low,close,volume,amount
2026-06-18 15:00,159326,,2.151,2.151,2.15,2.15,28764.0,2.375
2026-06-18 14:59,159326,,2.151,2.151,2.151,2.151,0.0,0.0
2026-06-18 14:58,159326,,2.151,2.151,2.151,2.151,356.0,0.029
2026-06-18 14:57,159326,,2.152,2.152,2.15,2.15,31651.0,2.613
2026-06-18 14:56,159326,,2.151,2.153,2.15,2.152,28166.0,2.326
2026-06-18 14:55,159326,,2.154,2.154,2.151,2.151,23656.0,1.953
2026-06-18 14:54,159326,,2.155,2.155,2.154,2.155,25184.0,2.079
2026-06-18 14:53,159326,,2.155,2.155,2.154,2.154,11721.0,0.968
2026-06-18 14:52,159326,,2.155,2.155,2.154,2.155,10754.0,0.888
2026-06-18 14:51,159326,,2.155,2.156,2.154,2.155,18059.0,1.491
2026-06-18 14:50,159326,,2.156,2.157,2.154,2.155,31574.0,2.607
2026-06-18 14:49,159326,,2.157,2.158,2.156,2.157,20604.0,1.701
2026-06-18 14:48,159326,,2.156,2.157,2.156,2.157,16854.0,1.392
2026-06-18 14:47,159326,,2.155,2.156,2.155,2.156,18322.0,1.513
2026-06-18 14:46,159326,,2.16,2.161,2.156,2.156,49929.0,4.122
2026-06-18 14:45,159326,,2.158,2.161,2.158,2.16,28655.0,2.366
2026-06-18 14:44,159326,,2.156,2.158,2.155,2.157,20612.0,1.702
2026-06-18 14:43,159326,,2.157,2.158,2.154,2.155,28627.0,2.364
2026-06-18 14:42,159326,,2.154,2.158,2.154,2.157,40473.0,3.342
2026-06-18 14:41,159326,,2.151,2.154,2.151,2.154,24550.0,2.027
2026-06-18 14:40,159326,,2.155,2.156,2.152,2.152,27195.0,2.245
2026-06-18 14:39,159326,,2.16,2.16,2.155,2.155,49531.0,4.09
2026-06-18 14:38,159326,,2.16,2.161,2.159,2.16,17271.0,1.426
2026-06-18 14:37,159326,,2.162,2.162,2.159,2.16,24186.0,1.997
2026-06-18 14:36,159326,,2.164,2.164,2.162,2.162,12727.0,1.051
2026-06-18 14:35,159326,,2.165,2.165,2.163,2.164,90465.0,7.47
2026-06-18 14:34,159326,,2.164,2.165,2.163,2.164,10336.0,0.853
2026-06-18 14:33,159326,,2.163,2.165,2.163,2.164,19641.0,1.622
2026-06-18 14:32,159326,,2.161,2.163,2.16,2.163,14322.0,1.183
2026-06-18 14:31,159326,,2.16,2.161,2.159,2.16,15971.0,1.319
2026-06-18 14:30,159326,,2.16,2.16,2.159,2.16,16911.0,1.396
2026-06-18 14:29,159326,,2.16,2.16,2.159,2.159,14214.0,1.174
2026-06-18 14:28,159326,,2.161,2.162,2.16,2.16,13896.0,1.147
2026-06-18 14:27,159326,,2.162,2.162,2.161,2.162,7275.0,0.601
2026-06-18 14:26,159326,,2.163,2.164,2.161,2.161,12708.0,1.049
2026-06-18 14:25,159326,,2.162,2.164,2.162,2.163,7087.0,0.585
2026-06-18 14:24,159326,,2.163,2.165,2.162,2.162,64698.0,5.342
2026-06-18 14:23,159326,,2.165,2.165,2.163,2.163,5920.0,0.489
2026-06-18 14:22,159326,,2.164,2.165,2.163,2.165,8221.0,0.679
2026-06-18 14:21,159326,,2.165,2.166,2.163,2.165,13051.0,1.078
2026-06-18 14:20,159326,,2.163,2.165,2.163,2.164,9311.0,0.769
2026-06-18 14:19,159326,,2.162,2.163,2.161,2.162,13495.0,1.114
2026-06-18 14:18,159326,,2.164,2.164,2.162,2.162,6370.0,0.526
2026-06-18 14:17,159326,,2.165,2.166,2.164,2.164,6927.0,0.572
2026-06-18 14:16,159326,,2.163,2.164,2.162,2.164,8949.0,0.739
2026-06-18 14:15,159326,,2.163,2.163,2.162,2.163,5355.0,0.442
2026-06-18 14:14,159326,,2.163,2.164,2.162,2.163,8611.0,0.711
2026-06-18 14:13,159326,,2.162,2.163,2.161,2.163,20700.0,1.709
2026-06-18 14:12,159326,,2.161,2.162,2.16,2.162,6497.0,0.536
2026-06-18 14:11,159326,,2.161,2.161,2.16,2.161,10002.0,0.826
2026-06-18 14:10,159326,,2.158,2.161,2.158,2.161,11679.0,0.964
2026-06-18 14:09,159326,,2.157,2.158,2.156,2.157,11532.0,0.952
2026-06-18 14:08,159326,,2.161,2.161,2.157,2.157,52840.0,4.363
2026-06-18 14:07,159326,,2.16,2.162,2.16,2.161,15617.0,1.29
2026-06-18 14:06,159326,,2.161,2.161,2.16,2.161,12616.0,1.042
2026-06-18 14:05,159326,,2.16,2.161,2.16,2.16,10718.0,0.885
2026-06-18 14:04,159326,,2.165,2.165,2.16,2.16,19605.0,1.619
2026-06-18 14:03,159326,,2.166,2.167,2.165,2.165,7978.0,0.659
2026-06-18 14:02,159326,,2.167,2.167,2.166,2.166,11662.0,0.963
2026-06-18 14:01,159326,,2.164,2.167,2.164,2.167,6270.0,0.518
2026-06-18 14:00,159326,,2.166,2.167,2.164,2.164,11980.0,0.989
2026-06-18 13:59,159326,,2.164,2.166,2.164,2.165,7640.0,0.631
2026-06-18 13:58,159326,,2.163,2.165,2.163,2.165,5746.0,0.474
2026-06-18 13:57,159326,,2.162,2.164,2.162,2.163,4795.0,0.396
2026-06-18 13:56,159326,,2.162,2.163,2.161,2.162,5309.0,0.438
2026-06-18 13:55,159326,,2.163,2.163,2.161,2.162,6785.0,0.56
2026-06-18 13:54,159326,,2.163,2.164,2.162,2.163,8499.0,0.702
2026-06-18 13:53,159326,,2.159,2.162,2.159,2.162,8243.0,0.681
2026-06-18 13:52,159326,,2.158,2.16,2.158,2.159,4772.0,0.394
2026-06-18 13:51,159326,,2.16,2.161,2.158,2.159,6934.0,0.573
2026-06-18 13:50,159326,,2.159,2.161,2.159,2.161,4846.0,0.4
2026-06-18 13:49,159326,,2.158,2.16,2.157,2.16,11121.0,0.918
2026-06-18 13:48,159326,,2.161,2.162,2.156,2.157,29588.0,2.443
2026-06-18 13:47,159326,,2.16,2.163,2.16,2.162,13904.0,1.148
2026-06-18 13:46,159326,,2.163,2.163,2.16,2.16,9647.0,0.796
2026-06-18 13:45,159326,,2.165,2.165,2.163,2.163,8218.0,0.678
2026-06-18 13:44,159326,,2.168,2.169,2.165,2.165,16586.0,1.369
2026-06-18 13:43,159326,,2.169,2.17,2.167,2.167,6513.0,0.538
2026-06-18 13:42,159326,,2.166,2.17,2.166,2.169,6896.0,0.569
2026-06-18 13:41,159326,,2.169,2.17,2.166,2.166,11156.0,0.921
2026-06-18 13:40,159326,,2.168,2.17,2.168,2.17,9138.0,0.754
2026-06-18 13:39,159326,,2.168,2.168,2.167,2.168,10573.0,0.873
2026-06-18 13:38,159326,,2.166,2.167,2.164,2.167,19101.0,1.577
2026-06-18 13:37,159326,,2.169,2.169,2.166,2.166,10741.0,0.887
2026-06-18 13:36,159326,,2.171,2.171,2.168,2.169,20345.0,1.68
2026-06-18 13:35,159326,,2.175,2.175,2.171,2.171,9651.0,0.797
2026-06-18 13:34,159326,,2.172,2.175,2.172,2.174,13722.0,1.133
2026-06-18 13:33,159326,,2.173,2.173,2.171,2.172,36080.0,2.979
2026-06-18 13:32,159326,,2.171,2.173,2.171,2.172,15138.0,1.25
2026-06-18 13:31,159326,,2.168,2.17,2.168,2.17,34167.0,2.821
2026-06-18 13:30,159326,,2.169,2.169,2.167,2.167,8861.0,0.732
2026-06-18 13:29,159326,,2.169,2.17,2.168,2.169,11637.0,0.961
2026-06-18 13:28,159326,,2.167,2.169,2.167,2.169,15290.0,1.262
2026-06-18 13:27,159326,,2.164,2.167,2.164,2.167,11152.0,0.921
2026-06-18 13:26,159326,,2.164,2.164,2.162,2.164,19585.0,1.617
2026-06-18 13:25,159326,,2.165,2.165,2.163,2.164,11998.0,0.991
2026-06-18 13:24,159326,,2.164,2.165,2.163,2.165,11134.0,0.919
2026-06-18 13:23,159326,,2.16,2.163,2.16,2.163,15908.0,1.313
2026-06-18 13:22,159326,,2.159,2.16,2.159,2.16,10402.0,0.859
2026-06-18 13:21,159326,,2.163,2.163,2.16,2.16,21722.0,1.794
2026-06-18 13:20,159326,,2.162,2.163,2.161,2.163,12534.0,1.035
2026-06-18 13:19,159326,,2.162,2.164,2.162,2.163,25827.0,2.132
2026-06-18 13:18,159326,,2.159,2.162,2.159,2.162,15509.0,1.28
2026-06-18 13:17,159326,,2.156,2.159,2.156,2.159,12012.0,0.992
2026-06-18 13:16,159326,,2.155,2.158,2.155,2.156,15474.0,1.278
2026-06-18 13:15,159326,,2.158,2.158,2.154,2.155,15950.0,1.317
2026-06-18 13:14,159326,,2.153,2.158,2.152,2.158,22406.0,1.85
2026-06-18 13:13,159326,,2.153,2.154,2.152,2.152,13678.0,1.129
2026-06-18 13:12,159326,,2.156,2.156,2.154,2.154,23859.0,1.97
2026-06-18 13:11,159326,,2.159,2.159,2.156,2.156,24408.0,2.015
2026-06-18 13:10,159326,,2.155,2.159,2.154,2.159,13831.0,1.142
2026-06-18 13:09,159326,,2.153,2.155,2.153,2.153,11583.0,0.956
2026-06-18 13:08,159326,,2.15,2.154,2.15,2.154,8300.0,0.685
2026-06-18 13:07,159326,,2.156,2.156,2.15,2.15,10496.0,0.867
2026-06-18 13:06,159326,,2.155,2.156,2.154,2.156,6559.0,0.542
2026-06-18 13:05,159326,,2.156,2.158,2.155,2.155,6649.0,0.549
2026-06-18 13:04,159326,,2.156,2.157,2.155,2.156,9375.0,0.774
2026-06-18 13:03,159326,,2.153,2.157,2.151,2.157,9647.0,0.796
2026-06-18 13:02,159326,,2.153,2.155,2.152,2.152,3979.0,0.329
2026-06-18 13:01,159326,,2.155,2.157,2.152,2.155,25557.0,2.11
2026-06-18 11:30,159326,,2.154,2.156,2.154,2.155,3238.0,0.267
2026-06-18 11:29,159326,,2.153,2.155,2.153,2.154,4020.0,0.332
2026-06-18 11:28,159326,,2.155,2.156,2.154,2.154,1559.0,0.129
2026-06-18 11:27,159326,,2.158,2.158,2.155,2.155,8973.0,0.741
2026-06-18 11:26,159326,,2.158,2.16,2.157,2.158,2699.0,0.223
2026-06-18 11:25,159326,,2.158,2.159,2.158,2.159,4022.0,0.332
2026-06-18 11:24,159326,,2.159,2.159,2.157,2.158,12549.0,1.036
2026-06-18 11:23,159326,,2.16,2.16,2.159,2.159,7407.0,0.612
2026-06-18 11:22,159326,,2.154,2.159,2.154,2.159,15684.0,1.295
2026-06-18 11:21,159326,,2.154,2.155,2.153,2.155,7108.0,0.587
2026-06-18 11:20,159326,,2.151,2.153,2.151,2.153,22968.0,1.896
2026-06-18 11:19,159326,,2.153,2.153,2.15,2.151,13165.0,1.087
2026-06-18 11:18,159326,,2.151,2.153,2.148,2.153,38026.0,3.14
2026-06-18 11:17,159326,,2.149,2.152,2.149,2.152,11436.0,0.944
2026-06-18 11:16,159326,,2.146,2.15,2.146,2.149,14681.0,1.212
2026-06-18 11:15,159326,,2.144,2.146,2.142,2.146,27162.0,2.243
2026-06-18 11:14,159326,,2.146,2.147,2.144,2.144,20076.0,1.658
2026-06-18 11:13,159326,,2.149,2.149,2.145,2.146,24650.0,2.035
2026-06-18 11:12,159326,,2.151,2.152,2.15,2.15,14158.0,1.169
2026-06-18 11:11,159326,,2.153,2.154,2.152,2.152,17257.0,1.425
2026-06-18 11:10,159326,,2.156,2.156,2.152,2.154,10924.0,0.902
2026-06-18 11:09,159326,,2.156,2.158,2.155,2.155,9857.0,0.814
2026-06-18 11:08,159326,,2.16,2.16,2.156,2.156,5572.0,0.46
2026-06-18 11:07,159326,,2.157,2.16,2.157,2.158,7915.0,0.653
2026-06-18 11:06,159326,,2.156,2.157,2.155,2.157,22766.0,1.88
2026-06-18 11:05,159326,,2.153,2.156,2.153,2.155,29785.0,2.459
2026-06-18 11:04,159326,,2.155,2.155,2.153,2.154,37542.0,3.1
2026-06-18 11:03,159326,,2.16,2.16,2.155,2.156,11935.0,0.985
2026-06-18 11:02,159326,,2.156,2.16,2.155,2.159,11464.0,0.947
2026-06-18 11:01,159326,,2.154,2.157,2.154,2.156,13568.0,1.12
2026-06-18 11:00,159326,,2.156,2.157,2.154,2.154,20627.0,1.703
2026-06-18 10:59,159326,,2.157,2.158,2.156,2.156,9454.0,0.781
2026-06-18 10:58,159326,,2.159,2.159,2.158,2.158,10286.0,0.849
2026-06-18 10:57,159326,,2.158,2.16,2.158,2.159,7535.0,0.622
2026-06-18 10:56,159326,,2.161,2.161,2.158,2.159,16290.0,1.345
2026-06-18 10:55,159326,,2.162,2.163,2.161,2.162,6832.0,0.564
2026-06-18 10:54,159326,,2.16,2.163,2.159,2.162,23287.0,1.923
2026-06-18 10:53,159326,,2.161,2.161,2.158,2.159,12499.0,1.032
2026-06-18 10:52,159326,,2.159,2.162,2.159,2.161,14465.0,1.194
2026-06-18 10:51,159326,,2.158,2.159,2.157,2.159,32812.0,2.709
2026-06-18 10:50,159326,,2.161,2.162,2.158,2.158,15482.0,1.278
2026-06-18 10:49,159326,,2.16,2.163,2.16,2.161,13846.0,1.143
2026-06-18 10:48,159326,,2.164,2.164,2.16,2.16,10241.0,0.846
2026-06-18 10:47,159326,,2.163,2.166,2.163,2.164,5154.0,0.426
2026-06-18 10:46,159326,,2.165,2.166,2.163,2.163,12538.0,1.035
2026-06-18 10:45,159326,,2.165,2.166,2.164,2.166,8529.0,0.704
2026-06-18 10:44,159326,,2.165,2.167,2.165,2.165,11621.0,0.96
2026-06-18 10:43,159326,,2.168,2.17,2.167,2.167,4868.0,0.402
2026-06-18 10:42,159326,,2.17,2.17,2.168,2.168,9309.0,0.769
2026-06-18 10:41,159326,,2.167,2.17,2.167,2.169,7296.0,0.602
2026-06-18 10:40,159326,,2.167,2.168,2.166,2.167,8159.0,0.674
2026-06-18 10:39,159326,,2.168,2.168,2.167,2.167,6485.0,0.535
2026-06-18 10:38,159326,,2.168,2.17,2.168,2.168,5475.0,0.452
2026-06-18 10:37,159326,,2.168,2.169,2.167,2.169,11753.0,0.97
2026-06-18 10:36,159326,,2.168,2.17,2.168,2.169,8213.0,0.678
2026-06-18 10:35,159326,,2.165,2.169,2.165,2.168,15253.0,1.259
2026-06-18 10:34,159326,,2.169,2.169,2.165,2.165,7329.0,0.605
2026-06-18 10:33,159326,,2.168,2.171,2.167,2.169,11807.0,0.975
2026-06-18 10:32,159326,,2.17,2.171,2.167,2.168,17269.0,1.426
2026-06-18 10:31,159326,,2.174,2.174,2.17,2.171,11374.0,0.939
2026-06-18 10:30,159326,,2.175,2.176,2.173,2.174,4856.0,0.401
2026-06-18 10:29,159326,,2.177,2.177,2.174,2.175,16119.0,1.331
2026-06-18 10:28,159326,,2.172,2.177,2.171,2.177,37870.0,3.127
2026-06-18 10:27,159326,,2.175,2.175,2.172,2.173,19837.0,1.638
2026-06-18 10:26,159326,,2.168,2.176,2.168,2.176,38193.0,3.154
2026-06-18 10:25,159326,,2.166,2.169,2.165,2.169,13996.0,1.156
2026-06-18 10:24,159326,,2.167,2.167,2.165,2.166,5881.0,0.486
2026-06-18 10:23,159326,,2.166,2.168,2.163,2.167,16572.0,1.368
2026-06-18 10:22,159326,,2.166,2.168,2.166,2.168,12404.0,1.024
2026-06-18 10:21,159326,,2.165,2.167,2.165,2.166,6588.0,0.544
2026-06-18 10:20,159326,,2.164,2.167,2.163,2.165,36136.0,2.984
2026-06-18 10:19,159326,,2.16,2.166,2.16,2.164,34363.0,2.837
2026-06-18 10:18,159326,,2.162,2.164,2.16,2.16,16473.0,1.36
2026-06-18 10:17,159326,,2.167,2.168,2.164,2.164,13109.0,1.082
2026-06-18 10:16,159326,,2.17,2.17,2.166,2.166,10791.0,0.891
2026-06-18 10:15,159326,,2.171,2.172,2.168,2.17,8424.0,0.696
2026-06-18 10:14,159326,,2.165,2.173,2.165,2.171,19911.0,1.644
2026-06-18 10:13,159326,,2.169,2.169,2.165,2.165,31587.0,2.608
2026-06-18 10:12,159326,,2.162,2.169,2.162,2.169,27830.0,2.298
2026-06-18 10:11,159326,,2.166,2.166,2.162,2.162,31262.0,2.581
2026-06-18 10:10,159326,,2.172,2.172,2.166,2.166,37360.0,3.085
2026-06-18 10:09,159326,,2.177,2.177,2.172,2.172,18416.0,1.521
2026-06-18 10:08,159326,,2.172,2.177,2.172,2.177,44925.0,3.709
2026-06-18 10:07,159326,,2.169,2.172,2.168,2.172,35146.0,2.902
2026-06-18 10:06,159326,,2.173,2.173,2.169,2.169,14512.0,1.198
2026-06-18 10:05,159326,,2.17,2.173,2.17,2.172,34135.0,2.818
2026-06-18 10:04,159326,,2.17,2.171,2.169,2.171,20533.0,1.695
2026-06-18 10:03,159326,,2.165,2.169,2.165,2.169,24404.0,2.015
2026-06-18 10:02,159326,,2.163,2.165,2.161,2.164,29950.0,2.473
2026-06-18 10:01,159326,,2.17,2.17,2.163,2.163,27080.0,2.236
2026-06-18 10:00,159326,,2.167,2.172,2.167,2.17,49696.0,4.103
2026-06-18 09:59,159326,,2.172,2.172,2.165,2.167,30579.0,2.525
2026-06-18 09:58,159326,,2.167,2.17,2.165,2.17,47596.0,3.93
2026-06-18 09:57,159326,,2.16,2.167,2.16,2.167,51887.0,4.284
2026-06-18 09:56,159326,,2.161,2.163,2.16,2.162,24283.0,2.005
2026-06-18 09:55,159326,,2.159,2.162,2.158,2.161,22348.0,1.845
2026-06-18 09:54,159326,,2.163,2.164,2.159,2.159,20265.0,1.673
2026-06-18 09:53,159326,,2.161,2.164,2.161,2.164,16922.0,1.397
2026-06-18 09:52,159326,,2.162,2.163,2.16,2.161,33957.0,2.804
2026-06-18 09:51,159326,,2.158,2.163,2.156,2.161,48359.0,3.993
2026-06-18 09:50,159326,,2.16,2.16,2.153,2.158,36569.0,3.019
2026-06-18 09:49,159326,,2.16,2.161,2.159,2.161,34756.0,2.87
2026-06-18 09:48,159326,,2.153,2.159,2.153,2.158,29730.0,2.455
2026-06-18 09:47,159326,,2.157,2.16,2.152,2.152,24989.0,2.063
2026-06-18 09:46,159326,,2.16,2.161,2.156,2.157,37576.0,3.103
2026-06-18 09:45,159326,,2.157,2.16,2.156,2.16,153890.0,12.706
2026-06-18 09:44,159326,,2.159,2.159,2.157,2.157,242404.0,20.015
2026-06-18 09:43,159326,,2.157,2.16,2.157,2.158,255996.0,21.137
2026-06-18 09:42,159326,,2.152,2.157,2.151,2.156,248206.0,20.494
2026-06-18 09:41,159326,,2.148,2.152,2.146,2.152,195808.0,16.167
2026-06-18 09:40,159326,,2.147,2.152,2.147,2.148,120986.0,9.989
2026-06-18 09:39,159326,,2.143,2.147,2.141,2.146,97232.0,8.028
2026-06-18 09:38,159326,,2.146,2.146,2.141,2.143,64788.0,5.349
2026-06-18 09:37,159326,,2.148,2.15,2.147,2.147,147122.0,12.148
2026-06-18 09:36,159326,,2.145,2.145,2.141,2.145,125602.0,10.371
2026-06-18 09:35,159326,,2.148,2.15,2.145,2.147,89722.0,7.408
2026-06-18 09:34,159326,,2.145,2.147,2.142,2.147,180557.0,14.908
2026-06-18 09:33,159326,,2.142,2.148,2.141,2.144,146004.0,12.055
2026-06-18 09:32,159326,,2.136,2.142,2.136,2.141,64685.0,5.341
2026-06-18 09:31,159326,,2.131,2.136,2.13,2.134,80181.0,6.62
2026-06-18 09:30,159326,,2.133,2.133,2.133,2.133,10783.0,0.89
2026-06-17 15:00,159326,,2.139,2.14,2.139,2.14,28549.0,2.3129
2026-06-17 14:59,159326,,2.139,2.139,2.139,2.139,0.0,0.0
2026-06-17 14:58,159326,,2.139,2.139,2.139,2.139,738.0,0.0598
2026-06-17 14:57,159326,,2.14,2.143,2.14,2.14,33845.0,2.742
2026-06-17 14:56,159326,,2.142,2.143,2.14,2.14,30500.0,2.471
2026-06-17 14:55,159326,,2.142,2.143,2.141,2.142,23984.0,1.9431
2026-06-17 14:54,159326,,2.142,2.143,2.14,2.143,17690.0,1.4332
2026-06-17 14:53,159326,,2.143,2.144,2.14,2.14,30938.0,2.5065
2026-06-17 14:52,159326,,2.14,2.143,2.139,2.142,39531.87,3.2027
2026-06-17 14:51,159326,,2.138,2.139,2.136,2.139,34988.0,2.8346
2026-06-17 14:50,159326,,2.135,2.137,2.135,2.137,23179.0,1.8779
2026-06-17 14:49,159326,,2.133,2.135,2.133,2.135,27461.0,2.2248
2026-06-17 14:48,159326,,2.132,2.133,2.131,2.133,33224.0,2.6917
2026-06-17 14:47,159326,,2.132,2.132,2.131,2.132,11625.0,0.9418
2026-06-17 14:46,159326,,2.132,2.133,2.131,2.133,18300.0,1.4826
2026-06-17 14:45,159326,,2.128,2.132,2.128,2.132,30949.0,2.5074
2026-06-17 14:44,159326,,2.128,2.129,2.128,2.129,14904.0,1.2075
2026-06-17 14:43,159326,,2.127,2.13,2.127,2.129,23691.0,1.9193
2026-06-17 14:42,159326,,2.126,2.128,2.126,2.128,38493.0,3.1185
2026-06-17 14:41,159326,,2.127,2.127,2.125,2.127,11538.0,0.9348
2026-06-17 14:40,159326,,2.127,2.127,2.126,2.126,20810.0,1.6859
2026-06-17 14:39,159326,,2.126,2.127,2.126,2.127,27248.0,2.2075
2026-06-17 14:38,159326,,2.125,2.127,2.125,2.127,24331.0,1.9712
2026-06-17 14:37,159326,,2.124,2.125,2.124,2.125,19314.0,1.5647
2026-06-17 14:36,159326,,2.122,2.124,2.122,2.124,22655.0,1.8354
2026-06-17 14:35,159326,,2.122,2.123,2.122,2.122,9052.0,0.7334
2026-06-17 14:34,159326,,2.123,2.123,2.122,2.123,12442.0,1.008
2026-06-17 14:33,159326,,2.123,2.123,2.122,2.123,20617.0,1.6703
2026-06-17 14:32,159326,,2.121,2.123,2.121,2.123,36483.0,2.9557
2026-06-17 14:31,159326,,2.118,2.12,2.117,2.12,99258.0,8.0415
2026-06-17 14:30,159326,,2.119,2.119,2.116,2.117,20302.0,1.6448
2026-06-17 14:29,159326,,2.117,2.118,2.117,2.118,56947.0,4.6136
2026-06-17 14:28,159326,,2.117,2.118,2.116,2.118,44048.0,3.5686
2026-06-17 14:27,159326,,2.118,2.118,2.117,2.117,21789.0,1.7653
2026-06-17 14:26,159326,,2.118,2.118,2.117,2.117,17399.0,1.4096
2026-06-17 14:25,159326,,2.117,2.118,2.116,2.118,18349.0,1.4866
2026-06-17 14:24,159326,,2.117,2.118,2.117,2.117,21523.0,1.7437
2026-06-17 14:23,159326,,2.117,2.119,2.116,2.116,24763.0,2.0062
2026-06-17 14:22,159326,,2.118,2.118,2.117,2.117,17309.0,1.4023
2026-06-17 14:21,159326,,2.117,2.118,2.117,2.118,18738.0,1.5181
2026-06-17 14:20,159326,,2.117,2.118,2.116,2.117,24051.0,1.9485
2026-06-17 14:19,159326,,2.119,2.119,2.117,2.117,25979.0,2.1047
2026-06-17 14:18,159326,,2.118,2.119,2.118,2.118,20160.0,1.6333
2026-06-17 14:17,159326,,2.119,2.119,2.117,2.118,18036.0,1.4612
2026-06-17 14:16,159326,,2.117,2.119,2.116,2.119,21681.0,1.7565
2026-06-17 14:15,159326,,2.118,2.118,2.114,2.117,29328.0,2.376
2026-06-17 14:14,159326,,2.116,2.118,2.116,2.118,18783.0,1.5217
2026-06-17 14:13,159326,,2.116,2.117,2.116,2.116,17008.0,1.3779
2026-06-17 14:12,159326,,2.121,2.122,2.117,2.117,59112.0,4.789
2026-06-17 14:11,159326,,2.122,2.123,2.121,2.122,16808.0,1.3617
2026-06-17 14:10,159326,,2.122,2.123,2.122,2.123,9661.0,0.7827
2026-06-17 14:09,159326,,2.122,2.123,2.121,2.122,15089.0,1.2224
2026-06-17 14:08,159326,,2.122,2.122,2.121,2.121,6823.0,0.5528
2026-06-17 14:07,159326,,2.122,2.122,2.121,2.122,13615.0,1.103
2026-06-17 14:06,159326,,2.121,2.122,2.121,2.121,5359.0,0.4342
2026-06-17 14:05,159326,,2.123,2.123,2.121,2.121,16287.0,1.3195
2026-06-17 14:04,159326,,2.122,2.124,2.121,2.123,10830.0,0.8774
2026-06-17 14:03,159326,,2.122,2.124,2.122,2.123,21263.0,1.7226
2026-06-17 14:02,159326,,2.123,2.124,2.122,2.123,11950.0,0.9681
2026-06-17 14:01,159326,,2.121,2.124,2.121,2.123,9581.0,0.7762
2026-06-17 14:00,159326,,2.12,2.122,2.12,2.121,6897.0,0.5588
2026-06-17 13:59,159326,,2.12,2.121,2.119,2.121,4741.0,0.3841
2026-06-17 13:58,159326,,2.119,2.12,2.118,2.12,14112.0,1.1433
2026-06-17 13:57,159326,,2.118,2.119,2.118,2.119,5634.0,0.4564
2026-06-17 13:56,159326,,2.12,2.12,2.117,2.118,29726.0,2.4083
2026-06-17 13:55,159326,,2.122,2.123,2.12,2.12,8260.0,0.6692
2026-06-17 13:54,159326,,2.125,2.125,2.121,2.122,20761.0,1.682
2026-06-17 13:53,159326,,2.125,2.126,2.124,2.124,8629.0,0.6991
2026-06-17 13:52,159326,,2.125,2.126,2.125,2.125,6593.0,0.5341
2026-06-17 13:51,159326,,2.123,2.126,2.123,2.125,8036.0,0.651
2026-06-17 13:50,159326,,2.124,2.125,2.123,2.123,9757.0,0.7905
2026-06-17 13:49,159326,,2.124,2.125,2.123,2.123,17451.0,1.4138
2026-06-17 13:48,159326,,2.125,2.125,2.123,2.124,12536.0,1.0156
2026-06-17 13:47,159326,,2.124,2.126,2.124,2.126,32293.0,2.6162
2026-06-17 13:46,159326,,2.125,2.126,2.123,2.124,28718.0,2.3266
2026-06-17 13:45,159326,,2.124,2.126,2.124,2.126,4824.0,0.3908
2026-06-17 13:44,159326,,2.125,2.126,2.123,2.125,13782.0,1.1166
2026-06-17 13:43,159326,,2.122,2.125,2.122,2.124,13752.0,1.1141
2026-06-17 13:42,159326,,2.127,2.127,2.123,2.123,22266.0,1.8039
2026-06-17 13:41,159326,,2.127,2.128,2.127,2.127,6515.0,0.5278
2026-06-17 13:40,159326,,2.128,2.129,2.127,2.127,21152.0,1.7136
2026-06-17 13:39,159326,,2.126,2.127,2.125,2.127,11599.0,0.9397
2026-06-17 13:38,159326,,2.126,2.127,2.125,2.126,11050.0,0.8952
2026-06-17 13:37,159326,,2.129,2.129,2.127,2.127,13440.0,1.0889
2026-06-17 13:36,159326,,2.127,2.129,2.126,2.128,14785.0,1.1978
2026-06-17 13:35,159326,,2.124,2.127,2.124,2.127,35397.0,2.8677
2026-06-17 13:34,159326,,2.125,2.125,2.124,2.124,6261.0,0.5072
2026-06-17 13:33,159326,,2.124,2.125,2.123,2.125,17114.0,1.3865
2026-06-17 13:32,159326,,2.124,2.125,2.124,2.125,14258.0,1.1551
2026-06-17 13:31,159326,,2.123,2.124,2.122,2.123,16131.0,1.3069
2026-06-17 13:30,159326,,2.121,2.123,2.121,2.123,6936.0,0.5619
2026-06-17 13:29,159326,,2.122,2.122,2.12,2.122,8143.0,0.6597
2026-06-17 13:28,159326,,2.123,2.123,2.121,2.121,6720.0,0.5444
2026-06-17 13:27,159326,,2.123,2.124,2.122,2.123,32545.0,2.6367
2026-06-17 13:26,159326,,2.124,2.124,2.123,2.123,3851.0,0.312
2026-06-17 13:25,159326,,2.123,2.124,2.122,2.123,9735.0,0.7887
2026-06-17 13:24,159326,,2.122,2.123,2.121,2.122,12343.0,1.0
2026-06-17 13:23,159326,,2.124,2.124,2.12,2.122,23901.0,1.9364
2026-06-17 13:22,159326,,2.124,2.124,2.123,2.124,19078.0,1.5456
2026-06-17 13:21,159326,,2.123,2.124,2.122,2.124,12864.0,1.0422
2026-06-17 13:20,159326,,2.123,2.124,2.121,2.123,24816.0,2.0105
2026-06-17 13:19,159326,,2.12,2.124,2.12,2.124,9726.0,0.788
2026-06-17 13:18,159326,,2.117,2.12,2.116,2.12,18512.0,1.4998
2026-06-17 13:17,159326,,2.114,2.117,2.114,2.117,8068.0,0.6536
2026-06-17 13:16,159326,,2.116,2.117,2.115,2.115,13335.0,1.0803
2026-06-17 13:15,159326,,2.114,2.117,2.114,2.116,25524.0,2.0678
2026-06-17 13:14,159326,,2.112,2.114,2.112,2.114,22885.59,1.8541
2026-06-17 13:13,159326,,2.113,2.113,2.112,2.112,14796.0,1.1987
2026-06-17 13:12,159326,,2.111,2.113,2.11,2.113,27398.0,2.2197
2026-06-17 13:11,159326,,2.112,2.113,2.111,2.111,19194.0,1.555
2026-06-17 13:10,159326,,2.108,2.112,2.108,2.112,25684.0,2.0808
2026-06-17 13:09,159326,,2.111,2.112,2.109,2.109,29656.0,2.4026
2026-06-17 13:08,159326,,2.116,2.116,2.112,2.112,24687.0,2.0
2026-06-17 13:07,159326,,2.115,2.116,2.114,2.115,13397.0,1.0854
2026-06-17 13:06,159326,,2.116,2.116,2.114,2.115,24620.0,1.9946
2026-06-17 13:05,159326,,2.119,2.119,2.115,2.116,16921.0,1.3709
2026-06-17 13:04,159326,,2.119,2.119,2.118,2.119,12062.0,0.9772
2026-06-17 13:03,159326,,2.118,2.12,2.117,2.12,13535.0,1.0965
2026-06-17 13:02,159326,,2.118,2.118,2.116,2.118,14462.0,1.1717
2026-06-17 13:01,159326,,2.127,2.127,2.118,2.118,33024.0,2.6755
2026-06-17 11:30,159326,,2.127,2.128,2.127,2.127,9350.0,0.7575
2026-06-17 11:29,159326,,2.127,2.129,2.127,2.127,7487.0,0.6066
2026-06-17 11:28,159326,,2.125,2.128,2.125,2.127,35934.0,2.9112
2026-06-17 11:27,159326,,2.125,2.127,2.125,2.127,26307.0,2.1313
2026-06-17 11:26,159326,,2.122,2.125,2.12,2.124,45984.0,3.7254
2026-06-17 11:25,159326,,2.124,2.124,2.122,2.122,10302.0,0.8346
2026-06-17 11:24,159326,,2.123,2.125,2.122,2.125,41250.0,3.3419
2026-06-17 11:23,159326,,2.12,2.123,2.12,2.123,33192.0,2.6891
2026-06-17 11:22,159326,,2.117,2.12,2.117,2.12,49557.0,4.0149
2026-06-17 11:21,159326,,2.119,2.12,2.117,2.117,22930.0,1.8577
2026-06-17 11:20,159326,,2.12,2.121,2.119,2.12,40635.0,3.2921
2026-06-17 11:19,159326,,2.123,2.123,2.12,2.121,23359.0,1.8924
2026-06-17 11:18,159326,,2.127,2.127,2.123,2.124,16955.0,1.3736
2026-06-17 11:17,159326,,2.129,2.13,2.127,2.127,17951.0,1.4543
2026-06-17 11:16,159326,,2.129,2.13,2.129,2.129,18255.0,1.4789
2026-06-17 11:15,159326,,2.131,2.132,2.129,2.129,11505.0,0.9321
2026-06-17 11:14,159326,,2.133,2.133,2.131,2.131,14736.0,1.1938
2026-06-17 11:13,159326,,2.135,2.135,2.132,2.134,23029.0,1.8657
2026-06-17 11:12,159326,,2.132,2.135,2.132,2.134,23556.0,1.9084
2026-06-17 11:11,159326,,2.13,2.132,2.13,2.132,18669.0,1.5125
2026-06-17 11:10,159326,,2.133,2.133,2.13,2.13,4405.0,0.3569
2026-06-17 11:09,159326,,2.134,2.136,2.133,2.133,32217.0,2.6101
2026-06-17 11:08,159326,,2.132,2.135,2.131,2.135,20125.0,1.6304
2026-06-17 11:07,159326,,2.132,2.134,2.132,2.132,17706.0,1.4345
2026-06-17 11:06,159326,,2.135,2.135,2.132,2.132,5324.0,0.4313
2026-06-17 11:05,159326,,2.136,2.138,2.135,2.135,6712.0,0.5438
2026-06-17 11:04,159326,,2.135,2.137,2.134,2.136,6592.0,0.5341
2026-06-17 11:03,159326,,2.134,2.136,2.134,2.135,6766.0,0.5482
2026-06-17 11:02,159326,,2.136,2.136,2.133,2.134,51869.0,4.2022
2026-06-17 11:01,159326,,2.134,2.136,2.134,2.136,78860.0,6.3889
2026-06-17 11:00,159326,,2.132,2.135,2.132,2.134,29261.0,2.3706
2026-06-17 10:59,159326,,2.135,2.135,2.132,2.132,9420.0,0.7632
2026-06-17 10:58,159326,,2.129,2.135,2.129,2.135,24745.0,2.0047
2026-06-17 10:57,159326,,2.13,2.13,2.129,2.13,15843.0,1.2835
2026-06-17 10:56,159326,,2.131,2.132,2.13,2.131,12554.0,1.0171
2026-06-17 10:55,159326,,2.131,2.132,2.13,2.13,21680.0,1.7564
2026-06-17 10:54,159326,,2.131,2.132,2.13,2.131,21066.0,1.7067
2026-06-17 10:53,159326,,2.134,2.134,2.131,2.131,31676.0,2.5663
2026-06-17 10:52,159326,,2.134,2.134,2.132,2.133,75891.0,6.1484
2026-06-17 10:51,159326,,2.134,2.136,2.133,2.135,134910.0,10.9298
2026-06-17 10:50,159326,,2.137,2.137,2.133,2.136,140934.0,11.4179
2026-06-17 10:49,159326,,2.135,2.138,2.132,2.138,250531.0,20.297
2026-06-17 10:48,159326,,2.136,2.136,2.134,2.135,185453.0,15.0246
2026-06-17 10:47,159326,,2.134,2.136,2.133,2.135,80503.0,6.522
2026-06-17 10:46,159326,,2.134,2.135,2.132,2.133,34506.0,2.7955
2026-06-17 10:45,159326,,2.138,2.138,2.133,2.134,35854.0,2.9047
2026-06-17 10:44,159326,,2.13,2.137,2.13,2.137,41158.0,3.3344
2026-06-17 10:43,159326,,2.134,2.134,2.13,2.13,15136.0,1.2263
2026-06-17 10:42,159326,,2.134,2.135,2.133,2.133,84877.0,6.8764
2026-06-17 10:41,159326,,2.134,2.137,2.134,2.135,207906.0,16.8437
2026-06-17 10:40,159326,,2.133,2.135,2.132,2.134,161305.0,13.0683
2026-06-17 10:39,159326,,2.139,2.139,2.133,2.133,15227.0,1.2336
2026-06-17 10:38,159326,,2.141,2.141,2.138,2.139,34967.0,2.8329
2026-06-17 10:37,159326,,2.14,2.141,2.139,2.141,22762.0,1.8441
2026-06-17 10:36,159326,,2.137,2.141,2.136,2.141,50291.0,4.0744
2026-06-17 10:35,159326,,2.139,2.139,2.137,2.137,21949.0,1.7782
2026-06-17 10:34,159326,,2.135,2.138,2.135,2.137,46073.0,3.7326
2026-06-17 10:33,159326,,2.137,2.138,2.135,2.135,42358.0,3.4317
2026-06-17 10:32,159326,,2.134,2.137,2.132,2.137,63058.0,5.1087
2026-06-17 10:31,159326,,2.134,2.135,2.131,2.135,42802.0,3.4676
2026-06-17 10:30,159326,,2.138,2.138,2.134,2.134,21642.0,1.7533
2026-06-17 10:29,159326,,2.137,2.139,2.135,2.137,13697.0,1.1097
2026-06-17 10:28,159326,,2.139,2.141,2.136,2.137,9873.0,0.7999
2026-06-17 10:27,159326,,2.136,2.14,2.136,2.14,20232.0,1.6391
2026-06-17 10:26,159326,,2.137,2.138,2.136,2.137,17712.0,1.435
2026-06-17 10:25,159326,,2.141,2.141,2.138,2.138,13680.0,1.1083
2026-06-17 10:24,159326,,2.142,2.143,2.14,2.141,36975.0,2.9956
2026-06-17 10:23,159326,,2.145,2.145,2.142,2.143,15859.0,1.2848
2026-06-17 10:22,159326,,2.144,2.145,2.143,2.145,12288.0,0.9955
2026-06-17 10:21,159326,,2.144,2.145,2.143,2.145,13089.0,1.0604
2026-06-17 10:20,159326,,2.145,2.147,2.144,2.145,78772.0,6.3818
2026-06-17 10:19,159326,,2.141,2.145,2.141,2.145,32517.0,2.6344
2026-06-17 10:18,159326,,2.145,2.145,2.141,2.142,106232.0,8.6065
2026-06-17 10:17,159326,,2.147,2.149,2.145,2.145,30380.0,2.4613
2026-06-17 10:16,159326,,2.15,2.15,2.148,2.148,35657.0,2.8888
2026-06-17 10:15,159326,,2.15,2.151,2.148,2.15,65826.0,5.3329
2026-06-17 10:14,159326,,2.145,2.15,2.145,2.149,54995.0,4.4555
2026-06-17 10:13,159326,,2.145,2.146,2.144,2.145,12207.0,0.989
2026-06-17 10:12,159326,,2.144,2.145,2.143,2.144,32481.0,2.6315
2026-06-17 10:11,159326,,2.14,2.142,2.14,2.141,17631.0,1.4284
2026-06-17 10:10,159326,,2.142,2.142,2.14,2.14,10656.0,0.8633
2026-06-17 10:09,159326,,2.143,2.143,2.141,2.142,16446.0,1.3324
2026-06-17 10:08,159326,,2.144,2.144,2.142,2.143,26943.0,2.1828
2026-06-17 10:07,159326,,2.138,2.143,2.138,2.143,34389.0,2.7861
2026-06-17 10:06,159326,,2.14,2.14,2.137,2.138,20496.0,1.6605
2026-06-17 10:05,159326,,2.139,2.141,2.138,2.14,70390.0,5.7027
2026-06-17 10:04,159326,,2.139,2.141,2.138,2.14,15169.0,1.2289
2026-06-17 10:03,159326,,2.136,2.139,2.136,2.138,44321.0,3.5907
2026-06-17 10:02,159326,,2.137,2.137,2.136,2.136,19486.0,1.5787
2026-06-17 10:01,159326,,2.138,2.138,2.136,2.137,40051.0,3.2448
2026-06-17 10:00,159326,,2.141,2.142,2.138,2.139,21449.0,1.7377
2026-06-17 09:59,159326,,2.138,2.142,2.138,2.142,30679.0,2.4855
2026-06-17 09:58,159326,,2.141,2.142,2.136,2.137,24002.0,1.9445
2026-06-17 09:57,159326,,2.141,2.142,2.14,2.141,34503.0,2.7953
2026-06-17 09:56,159326,,2.144,2.144,2.142,2.142,56913.0,4.6109
2026-06-17 09:55,159326,,2.149,2.149,2.142,2.142,91407.0,7.4054
2026-06-17 09:54,159326,,2.15,2.151,2.149,2.149,94354.0,7.6442
2026-06-17 09:53,159326,,2.143,2.149,2.143,2.149,66376.0,5.3775
2026-06-17 09:52,159326,,2.138,2.143,2.138,2.143,58561.0,4.7444
2026-06-17 09:51,159326,,2.135,2.138,2.134,2.137,43154.0,3.4962
2026-06-17 09:50,159326,,2.139,2.14,2.134,2.135,55474.0,4.4943
2026-06-17 09:49,159326,,2.141,2.141,2.138,2.139,30238.0,2.4498
2026-06-17 09:48,159326,,2.136,2.141,2.136,2.141,31493.0,2.5514
2026-06-17 09:47,159326,,2.129,2.139,2.129,2.137,91252.0,7.3929
2026-06-17 09:46,159326,,2.129,2.131,2.128,2.13,39807.0,3.225
2026-06-17 09:45,159326,,2.131,2.131,2.126,2.129,55384.0,4.487
2026-06-17 09:44,159326,,2.133,2.137,2.131,2.131,94285.0,7.6386
2026-06-17 09:43,159326,,2.132,2.135,2.132,2.134,115137.0,9.3279
2026-06-17 09:42,159326,,2.137,2.139,2.132,2.132,78642.0,6.3712
2026-06-17 09:41,159326,,2.138,2.138,2.132,2.136,42078.0,3.409
2026-06-17 09:40,159326,,2.139,2.141,2.136,2.136,82604.0,6.6922
2026-06-17 09:39,159326,,2.138,2.14,2.138,2.139,42488.0,3.4422
2026-06-17 09:38,159326,,2.134,2.139,2.133,2.138,64830.0,5.2523
2026-06-17 09:37,159326,,2.126,2.134,2.125,2.133,49666.0,4.0237
2026-06-17 09:36,159326,,2.126,2.127,2.125,2.125,26497.0,2.1467
2026-06-17 09:35,159326,,2.134,2.134,2.127,2.127,48882.0,3.9602
2026-06-17 09:34,159326,,2.132,2.134,2.131,2.133,39980.0,3.239
2026-06-17 09:33,159326,,2.128,2.133,2.128,2.132,60349.0,4.8892
2026-06-17 09:32,159326,,2.127,2.132,2.126,2.128,37342.0,3.0253
2026-06-17 09:31,159326,,2.118,2.127,2.118,2.126,92269.0,7.4753
2026-06-17 09:30,159326,,2.114,2.114,2.114,2.114,11873.0,0.9619
2026-06-16 15:00,159326,,2.136,2.137,2.136,2.137,57494.0,4.5928
2026-06-16 14:59,159326,,2.136,2.136,2.136,2.136,0.0,0.0
2026-06-16 14:58,159326,,2.136,2.136,2.136,2.136,270.0,0.0216
2026-06-16 14:57,159326,,2.136,2.137,2.136,2.136,49813.0,3.9792
2026-06-16 14:56,159326,,2.136,2.137,2.135,2.136,24051.0,1.9213
2026-06-16 14:55,159326,,2.136,2.136,2.134,2.135,45369.0,3.6242
2026-06-16 14:54,159326,,2.135,2.136,2.134,2.136,59162.0,4.7261
2026-06-16 14:53,159326,,2.133,2.135,2.133,2.134,34567.0,2.7613
2026-06-16 14:52,159326,,2.132,2.134,2.131,2.134,65537.0,5.2353
2026-06-16 14:51,159326,,2.131,2.132,2.13,2.132,40769.0,3.2568
2026-06-16 14:50,159326,,2.13,2.131,2.13,2.13,17324.0,1.3839
2026-06-16 14:49,159326,,2.13,2.13,2.129,2.129,21732.0,1.736
2026-06-16 14:48,159326,,2.128,2.13,2.128,2.13,28640.0,2.2879
2026-06-16 14:47,159326,,2.124,2.128,2.124,2.128,53050.0,4.2378
2026-06-16 14:46,159326,,2.126,2.126,2.124,2.125,36739.0,2.9348
2026-06-16 14:45,159326,,2.126,2.126,2.124,2.125,51713.0,4.131
2026-06-16 14:44,159326,,2.127,2.127,2.126,2.127,19149.0,1.5297
2026-06-16 14:43,159326,,2.127,2.127,2.126,2.127,7312.0,0.5841
2026-06-16 14:42,159326,,2.127,2.127,2.126,2.127,13290.0,1.0616
2026-06-16 14:41,159326,,2.129,2.13,2.127,2.127,28461.0,2.2736
2026-06-16 14:40,159326,,2.13,2.13,2.129,2.129,11112.0,0.8877
2026-06-16 14:39,159326,,2.129,2.13,2.129,2.129,7656.0,0.6116
2026-06-16 14:38,159326,,2.13,2.131,2.129,2.129,32130.0,2.5666
2026-06-16 14:37,159326,,2.13,2.131,2.13,2.13,11077.0,0.8849
2026-06-16 14:36,159326,,2.129,2.13,2.129,2.13,20458.0,1.6343
2026-06-16 14:35,159326,,2.132,2.133,2.13,2.13,36632.0,2.9263
2026-06-16 14:34,159326,,2.133,2.133,2.132,2.132,22068.0,1.7629
2026-06-16 14:33,159326,,2.132,2.133,2.132,2.132,13655.0,1.0908
2026-06-16 14:32,159326,,2.133,2.133,2.132,2.133,19976.0,1.5957
2026-06-16 14:31,159326,,2.133,2.134,2.133,2.133,27491.0,2.1961
2026-06-16 14:30,159326,,2.132,2.133,2.132,2.132,32957.0,2.6327
2026-06-16 14:29,159326,,2.133,2.133,2.132,2.133,27148.0,2.1687
2026-06-16 14:28,159326,,2.132,2.133,2.132,2.132,22716.0,1.8146
2026-06-16 14:27,159326,,2.131,2.132,2.131,2.132,18247.0,1.4576
2026-06-16 14:26,159326,,2.134,2.136,2.132,2.132,24128.0,1.9274
2026-06-16 14:25,159326,,2.137,2.137,2.135,2.135,22288.0,1.7804
2026-06-16 14:24,159326,,2.136,2.136,2.135,2.136,21017.0,1.6789
2026-06-16 14:23,159326,,2.135,2.136,2.134,2.136,31217.0,2.4937
2026-06-16 14:22,159326,,2.134,2.135,2.134,2.135,10722.0,0.8565
2026-06-16 14:21,159326,,2.132,2.134,2.132,2.134,36694.0,2.9312
2026-06-16 14:20,159326,,2.133,2.133,2.132,2.133,10192.0,0.8142
2026-06-16 14:19,159326,,2.133,2.133,2.132,2.133,4100.0,0.3275
2026-06-16 14:18,159326,,2.134,2.134,2.132,2.133,36691.0,2.931
2026-06-16 14:17,159326,,2.131,2.133,2.131,2.132,40337.0,3.2223
2026-06-16 14:16,159326,,2.131,2.131,2.13,2.131,18676.0,1.4919
2026-06-16 14:15,159326,,2.131,2.131,2.13,2.131,6313.0,0.5043
2026-06-16 14:14,159326,,2.131,2.132,2.13,2.13,12012.0,0.9596
2026-06-16 14:13,159326,,2.131,2.132,2.131,2.131,7638.0,0.6101
2026-06-16 14:12,159326,,2.131,2.132,2.131,2.131,17009.0,1.3587
2026-06-16 14:11,159326,,2.13,2.132,2.13,2.131,35506.0,2.8363
2026-06-16 14:10,159326,,2.131,2.132,2.13,2.13,13546.0,1.0821
2026-06-16 14:09,159326,,2.132,2.132,2.131,2.131,5497.0,0.4391
2026-06-16 14:08,159326,,2.131,2.132,2.131,2.131,15649.0,1.2501
2026-06-16 14:07,159326,,2.131,2.132,2.13,2.132,18252.0,1.458
2026-06-16 14:06,159326,,2.13,2.131,2.129,2.131,23179.0,1.8516
2026-06-16 14:05,159326,,2.127,2.13,2.127,2.13,22745.0,1.8169
2026-06-16 14:04,159326,,2.127,2.127,2.126,2.126,6907.0,0.5518
2026-06-16 14:03,159326,,2.125,2.127,2.125,2.126,7159.0,0.5719
2026-06-16 14:02,159326,,2.126,2.127,2.126,2.126,9331.0,0.7454
2026-06-16 14:01,159326,,2.129,2.129,2.127,2.127,9616.0,0.7682
2026-06-16 14:00,159326,,2.13,2.131,2.129,2.13,8366.0,0.6683
2026-06-16 13:59,159326,,2.133,2.133,2.13,2.13,8763.0,0.7
2026-06-16 13:58,159326,,2.133,2.134,2.132,2.132,19017.0,1.5191
2026-06-16 13:57,159326,,2.13,2.133,2.13,2.132,29135.0,2.3274
2026-06-16 13:56,159326,,2.127,2.13,2.127,2.13,50010.0,3.995
2026-06-16 13:55,159326,,2.127,2.127,2.125,2.127,19141.0,1.529
2026-06-16 13:54,159326,,2.126,2.127,2.126,2.126,6409.0,0.512
2026-06-16 13:53,159326,,2.127,2.127,2.126,2.126,13033.0,1.0411
2026-06-16 13:52,159326,,2.126,2.127,2.126,2.127,15929.0,1.2725
2026-06-16 13:51,159326,,2.124,2.126,2.124,2.125,32282.0,2.5788
2026-06-16 13:50,159326,,2.123,2.124,2.123,2.124,5086.0,0.4063
2026-06-16 13:49,159326,,2.124,2.124,2.123,2.123,8086.0,0.6459
2026-06-16 13:48,159326,,2.124,2.125,2.124,2.124,19265.0,1.539
2026-06-16 13:47,159326,,2.121,2.125,2.121,2.125,21783.0,1.7401
2026-06-16 13:46,159326,,2.12,2.121,2.119,2.121,30830.0,2.4628
2026-06-16 13:45,159326,,2.119,2.12,2.119,2.119,18693.0,1.4933
2026-06-16 13:44,159326,,2.115,2.119,2.115,2.119,40328.0,3.2215
2026-06-16 13:43,159326,,2.114,2.115,2.113,2.115,45714.0,3.6518
2026-06-16 13:42,159326,,2.118,2.118,2.114,2.114,19480.0,1.5561
2026-06-16 13:41,159326,,2.119,2.12,2.118,2.118,31833.0,2.5429
2026-06-16 13:40,159326,,2.123,2.123,2.119,2.119,16192.0,1.2935
2026-06-16 13:39,159326,,2.126,2.127,2.123,2.123,28684.0,2.2914
2026-06-16 13:38,159326,,2.127,2.127,2.126,2.126,8731.0,0.6975
2026-06-16 13:37,159326,,2.127,2.128,2.127,2.127,42944.0,3.4305
2026-06-16 13:36,159326,,2.124,2.128,2.124,2.127,41346.0,3.3029
2026-06-16 13:35,159326,,2.122,2.125,2.122,2.125,22658.0,1.81
2026-06-16 13:34,159326,,2.126,2.126,2.122,2.122,32886.0,2.627
2026-06-16 13:33,159326,,2.126,2.127,2.126,2.126,12080.0,0.965
2026-06-16 13:32,159326,,2.127,2.127,2.126,2.126,15599.0,1.2461
2026-06-16 13:31,159326,,2.127,2.128,2.126,2.127,14092.0,1.1257
2026-06-16 13:30,159326,,2.124,2.127,2.124,2.127,28276.0,2.2588
2026-06-16 13:29,159326,,2.121,2.124,2.121,2.124,16323.0,1.3039
2026-06-16 13:28,159326,,2.121,2.121,2.12,2.121,26461.0,2.1138
2026-06-16 13:27,159326,,2.124,2.124,2.121,2.121,19735.0,1.5765
2026-06-16 13:26,159326,,2.127,2.127,2.123,2.123,11111.0,0.8876
2026-06-16 13:25,159326,,2.128,2.129,2.127,2.127,14232.0,1.1369
2026-06-16 13:24,159326,,2.127,2.129,2.126,2.128,19952.0,1.5938
2026-06-16 13:23,159326,,2.127,2.127,2.124,2.126,33906.0,2.7085
2026-06-16 13:22,159326,,2.129,2.129,2.127,2.128,16635.0,1.3289
2026-06-16 13:21,159326,,2.128,2.13,2.128,2.129,10916.0,0.872
2026-06-16 13:20,159326,,2.126,2.129,2.126,2.129,55448.0,4.4294
2026-06-16 13:19,159326,,2.13,2.13,2.126,2.126,34089.0,2.7231
2026-06-16 13:18,159326,,2.134,2.134,2.129,2.129,34620.0,2.7656
2026-06-16 13:17,159326,,2.138,2.138,2.135,2.135,11128.0,0.8889
2026-06-16 13:16,159326,,2.139,2.14,2.138,2.138,11987.0,0.9576
2026-06-16 13:15,159326,,2.14,2.141,2.14,2.14,3518.0,0.281
2026-06-16 13:14,159326,,2.139,2.141,2.138,2.14,39088.0,3.1225
2026-06-16 13:13,159326,,2.138,2.139,2.138,2.138,44126.0,3.5249
2026-06-16 13:12,159326,,2.139,2.14,2.138,2.138,8480.0,0.6774
2026-06-16 13:11,159326,,2.142,2.142,2.138,2.139,28701.0,2.2927
2026-06-16 13:10,159326,,2.142,2.143,2.142,2.142,21793.0,1.7409
2026-06-16 13:09,159326,,2.142,2.143,2.142,2.142,7364.0,0.5883
2026-06-16 13:08,159326,,2.142,2.143,2.142,2.143,5009.0,0.4001
2026-06-16 13:07,159326,,2.139,2.142,2.139,2.142,82165.46,6.5636
2026-06-16 13:06,159326,,2.139,2.139,2.138,2.139,38799.0,3.0994
2026-06-16 13:05,159326,,2.138,2.139,2.138,2.139,7314.0,0.5843
2026-06-16 13:04,159326,,2.139,2.139,2.138,2.138,5916.0,0.4726
2026-06-16 13:03,159326,,2.137,2.138,2.137,2.138,20599.81,1.6456
2026-06-16 13:02,159326,,2.137,2.138,2.136,2.137,5985.0,0.4781
2026-06-16 13:01,159326,,2.137,2.139,2.137,2.137,42456.0,3.3915
2026-06-16 11:30,159326,,2.139,2.139,2.137,2.137,8013.0,0.6401
2026-06-16 11:29,159326,,2.137,2.139,2.137,2.139,10172.0,0.8126
2026-06-16 11:28,159326,,2.139,2.139,2.136,2.138,19717.0,1.5751
2026-06-16 11:27,159326,,2.138,2.139,2.138,2.139,1509.0,0.1205
2026-06-16 11:26,159326,,2.138,2.139,2.137,2.138,12804.0,1.0228
2026-06-16 11:25,159326,,2.137,2.138,2.136,2.138,14791.0,1.1816
2026-06-16 11:24,159326,,2.137,2.138,2.137,2.138,14812.0,1.1832
2026-06-16 11:23,159326,,2.138,2.138,2.137,2.138,8263.0,0.6601
2026-06-16 11:22,159326,,2.139,2.14,2.137,2.137,13100.0,1.0465
2026-06-16 11:21,159326,,2.137,2.139,2.137,2.139,23663.0,1.8903
2026-06-16 11:20,159326,,2.137,2.138,2.136,2.137,4366.0,0.3488
2026-06-16 11:19,159326,,2.138,2.139,2.137,2.138,12410.0,0.9914
2026-06-16 11:18,159326,,2.14,2.14,2.138,2.138,28336.0,2.2636
2026-06-16 11:17,159326,,2.139,2.14,2.139,2.14,6048.0,0.4831
2026-06-16 11:16,159326,,2.14,2.14,2.139,2.139,10076.0,0.8049
2026-06-16 11:15,159326,,2.14,2.141,2.139,2.139,30285.0,2.4193
2026-06-16 11:14,159326,,2.14,2.14,2.139,2.14,15559.0,1.2429
2026-06-16 11:13,159326,,2.14,2.14,2.139,2.14,10315.0,0.824
2026-06-16 11:12,159326,,2.137,2.14,2.137,2.14,118675.0,9.4801
2026-06-16 11:11,159326,,2.135,2.137,2.135,2.137,13083.0,1.0451
2026-06-16 11:10,159326,,2.132,2.136,2.132,2.135,50454.0,4.0304
2026-06-16 11:09,159326,,2.131,2.133,2.131,2.132,10858.0,0.8674
2026-06-16 11:08,159326,,2.131,2.132,2.13,2.132,11154.0,0.891
2026-06-16 11:07,159326,,2.132,2.133,2.131,2.131,10678.0,0.853
2026-06-16 11:06,159326,,2.133,2.133,2.132,2.132,9635.0,0.7697
2026-06-16 11:05,159326,,2.134,2.134,2.133,2.133,8952.0,0.7151
2026-06-16 11:04,159326,,2.134,2.135,2.133,2.134,16137.0,1.2891
2026-06-16 11:03,159326,,2.135,2.135,2.132,2.133,7550.0,0.6031
2026-06-16 11:02,159326,,2.135,2.136,2.133,2.135,23234.0,1.856
2026-06-16 11:01,159326,,2.135,2.136,2.134,2.134,30657.0,2.449
2026-06-16 11:00,159326,,2.136,2.137,2.135,2.135,9419.0,0.7524
2026-06-16 10:59,159326,,2.137,2.138,2.136,2.136,13978.0,1.1166
2026-06-16 10:58,159326,,2.133,2.137,2.133,2.137,28339.0,2.2638
2026-06-16 10:57,159326,,2.132,2.133,2.132,2.133,7608.0,0.6078
2026-06-16 10:56,159326,,2.133,2.133,2.132,2.132,7140.0,0.5704
2026-06-16 10:55,159326,,2.133,2.134,2.132,2.133,11570.0,0.9242
2026-06-16 10:54,159326,,2.135,2.135,2.133,2.133,11506.73,0.9192
2026-06-16 10:53,159326,,2.133,2.135,2.132,2.134,26110.27,2.0858
2026-06-16 10:52,159326,,2.132,2.134,2.132,2.133,15910.0,1.2709
2026-06-16 10:51,159326,,2.133,2.133,2.132,2.132,35764.73,2.857
2026-06-16 10:50,159326,,2.136,2.137,2.134,2.134,24961.0,1.994
2026-06-16 10:49,159326,,2.137,2.137,2.135,2.136,8975.0,0.717
2026-06-16 10:48,159326,,2.139,2.139,2.136,2.136,4306.0,0.344
2026-06-16 10:47,159326,,2.138,2.14,2.138,2.138,8600.0,0.687
2026-06-16 10:46,159326,,2.139,2.139,2.138,2.138,15893.0,1.2696
2026-06-16 10:45,159326,,2.139,2.139,2.138,2.139,22704.0,1.8137
2026-06-16 10:44,159326,,2.138,2.139,2.138,2.139,37230.0,2.9741
2026-06-16 10:43,159326,,2.136,2.138,2.135,2.138,11604.0,0.927
2026-06-16 10:42,159326,,2.135,2.136,2.134,2.135,20737.0,1.6565
2026-06-16 10:41,159326,,2.138,2.138,2.135,2.135,19071.0,1.5235
2026-06-16 10:40,159326,,2.14,2.14,2.138,2.139,13747.0,1.0982
2026-06-16 10:39,159326,,2.142,2.142,2.14,2.14,13372.0,1.0682
2026-06-16 10:38,159326,,2.141,2.142,2.141,2.142,32450.0,2.5922
2026-06-16 10:37,159326,,2.14,2.141,2.139,2.14,53811.0,4.2986
2026-06-16 10:36,159326,,2.139,2.141,2.139,2.14,14663.0,1.1713
2026-06-16 10:35,159326,,2.14,2.14,2.137,2.139,17878.0,1.4282
2026-06-16 10:34,159326,,2.139,2.141,2.139,2.14,68518.0,5.4734
2026-06-16 10:33,159326,,2.14,2.14,2.138,2.139,23192.0,1.8527
2026-06-16 10:32,159326,,2.135,2.139,2.135,2.139,82299.0,6.5743
2026-06-16 10:31,159326,,2.135,2.135,2.134,2.135,22100.0,1.7654
2026-06-16 10:30,159326,,2.134,2.136,2.134,2.135,34189.0,2.7311
2026-06-16 10:29,159326,,2.131,2.133,2.13,2.133,28221.0,2.2544
2026-06-16 10:28,159326,,2.133,2.133,2.131,2.131,10851.0,0.8668
2026-06-16 10:27,159326,,2.131,2.134,2.131,2.133,32360.0,2.585
2026-06-16 10:26,159326,,2.134,2.135,2.131,2.131,16624.0,1.328
2026-06-16 10:25,159326,,2.136,2.136,2.134,2.135,38484.0,3.0742
2026-06-16 10:24,159326,,2.136,2.136,2.135,2.136,24320.0,1.9428
2026-06-16 10:23,159326,,2.129,2.137,2.129,2.136,138000.0,11.0239
2026-06-16 10:22,159326,,2.125,2.129,2.124,2.129,82614.0,6.5995
2026-06-16 10:21,159326,,2.128,2.129,2.124,2.124,48078.0,3.8406
2026-06-16 10:20,159326,,2.122,2.128,2.122,2.128,71200.0,5.6877
2026-06-16 10:19,159326,,2.126,2.127,2.123,2.123,26129.0,2.0873
2026-06-16 10:18,159326,,2.126,2.127,2.126,2.127,59985.0,4.7918
2026-06-16 10:17,159326,,2.125,2.127,2.124,2.126,89594.0,7.1571
2026-06-16 10:16,159326,,2.123,2.125,2.121,2.124,63675.0,5.0866
2026-06-16 10:15,159326,,2.119,2.124,2.119,2.124,67825.0,5.4181
2026-06-16 10:14,159326,,2.117,2.12,2.116,2.119,33387.0,2.6671
2026-06-16 10:13,159326,,2.115,2.118,2.114,2.117,21290.0,1.7007
2026-06-16 10:12,159326,,2.114,2.115,2.112,2.114,19477.0,1.5559
2026-06-16 10:11,159326,,2.114,2.114,2.112,2.114,11834.0,0.9453
2026-06-16 10:10,159326,,2.113,2.117,2.113,2.114,27532.0,2.1993
2026-06-16 10:09,159326,,2.111,2.114,2.111,2.114,19787.0,1.5807
2026-06-16 10:08,159326,,2.111,2.114,2.111,2.112,23967.0,1.9146
2026-06-16 10:07,159326,,2.105,2.112,2.105,2.112,39104.0,3.1238
2026-06-16 10:06,159326,,2.107,2.108,2.104,2.105,31532.0,2.5189
2026-06-16 10:05,159326,,2.109,2.11,2.107,2.107,18412.0,1.4708
2026-06-16 10:04,159326,,2.112,2.112,2.11,2.11,14318.0,1.1438
2026-06-16 10:03,159326,,2.112,2.113,2.111,2.111,36849.0,2.9436
2026-06-16 10:02,159326,,2.11,2.112,2.11,2.112,41875.0,3.3451
2026-06-16 10:01,159326,,2.118,2.118,2.11,2.11,24510.0,1.9579
2026-06-16 10:00,159326,,2.118,2.119,2.114,2.118,39231.0,3.1339
2026-06-16 09:59,159326,,2.122,2.123,2.118,2.118,94953.0,7.5852
2026-06-16 09:58,159326,,2.113,2.122,2.113,2.121,141942.0,11.3388
2026-06-16 09:57,159326,,2.11,2.112,2.109,2.112,96840.0,7.7359
2026-06-16 09:56,159326,,2.112,2.113,2.11,2.11,166197.0,13.2764
2026-06-16 09:55,159326,,2.116,2.117,2.112,2.112,64248.0,5.1323
2026-06-16 09:54,159326,,2.112,2.116,2.112,2.116,92835.0,7.416
2026-06-16 09:53,159326,,2.114,2.114,2.111,2.111,33241.0,2.6554
2026-06-16 09:52,159326,,2.109,2.116,2.109,2.115,89786.0,7.1724
2026-06-16 09:51,159326,,2.114,2.114,2.109,2.109,30224.0,2.4144
2026-06-16 09:50,159326,,2.109,2.114,2.109,2.114,62128.0,4.963
2026-06-16 09:49,159326,,2.116,2.116,2.11,2.11,66286.0,5.2951
2026-06-16 09:48,159326,,2.119,2.119,2.116,2.116,61279.0,4.8952
2026-06-16 09:47,159326,,2.118,2.119,2.117,2.118,60923.0,4.8667
2026-06-16 09:46,159326,,2.109,2.119,2.109,2.118,92425.0,7.3832
2026-06-16 09:45,159326,,2.11,2.111,2.108,2.108,80301.0,6.4147
2026-06-16 09:44,159326,,2.106,2.109,2.105,2.108,46406.0,3.7071
2026-06-16 09:43,159326,,2.098,2.108,2.098,2.106,139934.0,11.1784
2026-06-16 09:42,159326,,2.099,2.099,2.097,2.098,87860.0,7.0185
2026-06-16 09:41,159326,,2.096,2.099,2.096,2.098,67818.0,5.4175
2026-06-16 09:40,159326,,2.093,2.096,2.091,2.096,50690.0,4.0493
2026-06-16 09:39,159326,,2.084,2.093,2.083,2.093,69398.0,5.5437
2026-06-16 09:38,159326,,2.073,2.083,2.073,2.083,57470.0,4.5909
2026-06-16 09:37,159326,,2.072,2.072,2.069,2.072,37562.0,3.0006
2026-06-16 09:36,159326,,2.076,2.077,2.071,2.073,63322.0,5.0584
2026-06-16 09:35,159326,,2.075,2.077,2.074,2.077,30621.0,2.4461
2026-06-16 09:34,159326,,2.071,2.076,2.07,2.074,34902.0,2.7881
2026-06-16 09:33,159326,,2.067,2.071,2.067,2.071,46171.0,3.6883
2026-06-16 09:32,159326,,2.061,2.067,2.06,2.067,68705.0,5.4884
2026-06-16 09:31,159326,,2.068,2.068,2.058,2.06,104640.0,8.359
2026-06-16 09:30,159326,,2.068,2.068,2.068,2.068,20879.0,1.6679
