date,code,name,open,high,low,close,volume,amount,MA5,MA10,MA20
2024-11-01,1,,3275.577,3305.318,3258.735,3272.014,85205532000.0,0,3272.014,3272.014,3272.014
2024-11-04,1,,3275.679,3310.207,3263.842,3310.207,66507745400.0,0,3291.1105,3291.1105,3291.1105
2024-11-05,1,,3306.81,3386.987,3302.047,3386.987,82112490200.0,0,3323.0693333333334,3323.0693333333334,3323.0693333333334
2024-11-06,1,,3395.222,3420.999,3367.081,3383.806,89585593000.0,0,3338.2535,3338.2535,3338.2535
2024-11-07,1,,3359.985,3470.661,3356.258,3470.661,95955668000.0,0,3364.7349999999997,3364.7349999999997,3364.7349999999997
2024-11-08,1,,3502.133,3509.818,3443.193,3452.297,96403456200.0,0,3400.7916000000005,3379.328666666667,3379.328666666667
2024-11-11,1,,3432.367,3471.122,3416.727,3470.066,81802543600.0,0,3432.7634,3392.291142857143,3392.291142857143
2024-11-12,1,,3469.891,3489.424,3402.042,3421.97,81792652400.0,0,3439.7599999999998,3396.001,3396.001
2024-11-13,1,,3406.916,3442.298,3404.525,3439.278,67366234800.0,0,3450.8543999999993,3400.8095555555556,3400.8095555555556
2024-11-14,1,,3429.505,3441.775,3376.153,3379.839,63155669000.0,0,3432.6899999999996,3398.7125,3398.7125
2024-11-15,1,,3369.809,3391.32,3330.726,3330.726,63028558300.0,0,3408.3758000000003,3404.5837,3392.5319090909093
2024-11-18,1,,3344.69,3386.903,3309.008,3323.849,74395069200.0,0,3379.1324,3405.9479,3386.808333333333
2024-11-19,1,,3324.883,3346.758,3284.133,3346.01,62502415100.0,0,3363.9404000000004,3401.8502,3383.67
2024-11-20,1,,3337.678,3375.248,3333.002,3367.989,56615428900.0,0,3349.6826,3400.2684999999997,3382.5499285714286
2024-11-21,1,,3362.944,3378.518,3348.855,3370.404,53033183000.0,0,3347.7956,3390.2428,3381.7402
2024-11-22,1,,3368.043,3372.003,3267.192,3267.192,63068779000.0,0,3335.0888000000004,3371.7322999999997,3374.5809375
2024-11-25,1,,3274.884,3285.456,3232.918,3263.76,53889739000.0,0,3323.071,3351.1017,3368.0620588235292
2024-11-26,1,,3256.858,3285.328,3252.866,3259.757,47221930400.0,0,3305.8204000000005,3334.8803999999996,3362.045111111111
2024-11-27,1,,3250.591,3309.881,3227.355,3309.779,51120230300.0,0,3294.1784,3321.9305,3359.294263157895
2024-11-28,1,,3308.28,3319.256,3290.364,3295.698,51195304700.0,0,3279.2372000000005,3313.5163999999995,3356.11445
2024-11-29,1,,3295.21,3357.501,3293.69,3326.456,58022710200.0,0,3291.09,3313.0894,3358.83655
2024-12-02,1,,3328.482,3369.303,3323.009,3363.982,66847776200.0,0,3311.1344,3317.1027000000004,3361.5253000000002
2024-12-03,1,,3366.285,3386.618,3348.374,3378.806,66303013900.0,0,3334.9442000000004,3320.3823,3361.11625
2024-12-04,1,,3376.572,3388.024,3352.943,3364.65,62102886200.0,0,3345.9184,3320.0483999999997,3360.15845
2024-12-05,1,,3353.057,3377.055,3353.057,3368.855,54388574600.0,0,3360.5498,3319.8934999999997,3355.06815
2024-12-06,1,,3370.941,3418.261,3364.206,3404.076,69818657200.0,0,3376.0737999999997,3333.5818999999997,3352.6570999999994
2024-12-09,1,,3402.629,3426.645,3385.959,3402.534,69490520500.0,0,3383.7841999999996,3347.4593,3349.2805
2024-12-10,1,,3490.289,3494.867,3417.765,3422.661,79466803400.0,0,3392.5552,3363.7496999999994,3349.3150499999997
2024-12-11,1,,3416.087,3437.81,3416.087,3432.49,68154461000.0,0,3406.1231999999995,3376.0208,3348.9756500000003
2024-12-12,1,,3432.279,3464.116,3425.976,3461.5,70009668900.0,0,3424.6521999999995,3392.601,3353.0587
2024-12-13,1,,3442.926,3442.926,3390.754,3391.878,77746414400.0,0,3422.2126,3399.1432,3356.1163
2024-12-16,1,,3390.083,3401.926,3376.536,3386.331,62557899600.0,0,3418.972,3401.3781000000004,3359.2404
2024-12-17,1,,3381.814,3396.207,3357.769,3361.485,56894150500.0,0,3406.7368,3399.6459999999997,3360.01415
2024-12-18,1,,3371.296,3396.46,3371.296,3382.208,51252497900.0,0,3396.6804,3401.4017999999996,3360.7251000000006
2024-12-19,1,,3355.904,3377.532,3346.469,3370.033,51390906300.0,0,3378.387,3401.5196000000005,3360.70655
2024-12-20,1,,3364.481,3390.618,3362.819,3368.069,49096462100.0,0,3373.6252,3397.9188999999997,3365.7504
2024-12-23,1,,3367.904,3384.992,3348.277,3351.257,55674724800.0,0,3366.6104,3392.7911999999997,3370.12525
2024-12-24,1,,3353.535,3394.904,3352.947,3393.528,47199267300.0,0,3373.0190000000002,3389.8779000000004,3376.8138
2024-12-25,1,,3395.107,3406.213,3374.011,3393.35,47131559200.0,0,3375.2474,3385.9639,3380.9923499999995
2024-12-26,1,,3389.338,3401.095,3380.255,3398.077,42217727100.0,0,3380.8561999999997,3379.6216,3386.1113000000005
2024-12-27,1,,3397.294,3418.952,3388.322,3400.142,50048813000.0,0,3387.2708,3380.4480000000003,3389.7956
2024-12-30,1,,3395.396,3412.841,3394.965,3407.326,45526238300.0,0,3398.4846,3382.5474999999997,3391.9628000000002
2024-12-31,1,,3406.965,3413.455,3351.763,3351.763,50273106200.0,0,3390.1315999999997,3381.5752999999995,3390.61065
2025-01-02,1,,3347.939,3351.722,3242.087,3262.561,56137519900.0,0,3363.9737999999998,3369.6106,3385.5062000000007
2025-01-03,1,,3267.077,3273.566,3205.776,3211.43,51759201400.0,0,3326.6443999999997,3353.7502999999997,3377.6349499999997
2025-01-06,1,,3209.783,3219.488,3185.463,3206.923,43097840300.0,0,3288.0006000000003,3337.6357000000003,3367.7773
2025-01-07,1,,3203.307,3230.853,3190.461,3229.644,40966052900.0,0,3252.4642,3325.4744,3359.1328000000003
2025-01-08,1,,3218.858,3246.291,3175.725,3230.168,47286439000.0,0,3228.1452,3309.1384,3349.50815
2025-01-09,1,,3220.721,3228.973,3205.91,3211.393,38294355700.0,0,3217.9116,3290.9426999999996,3338.4533
2025-01-10,1,,3211.707,3220.107,3168.524,3168.524,40366334800.0,0,3209.3304,3267.9874,3323.8044999999997
2025-01-13,1,,3148.826,3172.7,3140.978,3160.755,37274202300.0,0,3200.0968000000003,3244.0487000000003,3312.2483500000003
2025-01-14,1,,3165.161,3245.22,3159.432,3240.94,46921270400.0,0,3202.356,3227.4101,3304.9788
2025-01-15,1,,3234.715,3245.904,3222.236,3227.117,40472319900.0,0,3201.7458,3214.9455000000003,3298.2604
2025-01-16,1,,3239.026,3265.282,3217.097,3236.032,43065553900.0,0,3206.6736,3212.2925999999998,3290.9516000000003
2025-01-17,1,,3226.762,3256.507,3219.773,3241.821,38359926000.0,0,3221.333,3215.3316999999997,3284.5409999999997
2025-01-20,1,,3256.149,3268.263,3238.121,3244.378,40333794800.0,0,3238.0576,3219.0772,3278.35645
2025-01-21,1,,3256.833,3258.61,3229.069,3242.623,38458371800.0,0,3238.3941999999997,3220.3751,3272.92475
2025-01-22,1,,3235.493,3235.501,3203.38,3213.624,36481751800.0,0,3235.6956,3218.7207,3263.92955
2025-01-23,1,,3237.599,3273.52,3229.572,3230.164,45824680300.0,0,3234.522,3220.5978,3255.77025
2025-01-24,1,,3222.877,3260.011,3221.712,3252.626,39865303300.0,0,3236.683,3229.0080000000003,3248.4977
2025-01-27,1,,3256.614,3274.392,3250.601,3250.601,38746764200.0,0,3237.9276,3237.9926,3241.02065
2025-02-05,1,,3270.16,3271.022,3220.279,3229.488,40638818100.0,0,3235.3006,3236.8474,3232.12875
2025-02-06,1,,3226.575,3271.427,3225.846,3270.659,46084273000.0,0,3246.7076,3241.2016,3228.07355
2025-02-07,1,,3269.227,3324.428,3262.509,3303.667,60055845100.0,0,3261.4082000000003,3247.9651000000003,3230.12885
2025-02-10,1,,3308.04,3325.356,3299.243,3322.17,54658974900.0,0,3275.317,3256.0,3235.6658500000003
2025-02-11,1,,3323.669,3324.173,3304.444,3318.057,51194354100.0,0,3288.8081999999995,3263.3679,3241.22255
2025-02-12,1,,3312.257,3346.385,3310.39,3346.385,51343782800.0,0,3312.1876,3273.7441,3247.0595999999996
2025-02-13,1,,3343.235,3359.181,3332.483,3332.483,56863116100.0,0,3324.5524000000005,3285.63,3252.17535
2025-02-14,1,,3328.483,3349.084,3322.529,3346.724,53233296500.0,0,3333.1638,3297.286,3258.9419000000003
2025-02-17,1,,3355.417,3357.121,3333.195,3355.83,58954656900.0,0,3339.8958,3307.6063999999997,3268.3072
2025-02-18,1,,3348.983,3366.012,3314.301,3324.491,56267924000.0,0,3341.1826,3314.9954,3276.494
2025-02-19,1,,3320.78,3352.087,3320.581,3351.539,50291296500.0,0,3342.2133999999996,3327.2005,3282.02395
2025-02-20,1,,3347.589,3355.557,3338.034,3350.783,50435711400.0,0,3345.8733999999995,3335.2129,3288.2072500000004
2025-02-21,1,,3356.695,3381.058,3339.026,3379.113,60819020600.0,0,3352.3512,3342.7574999999997,3295.3612999999996
2025-02-24,1,,3374.081,3384.811,3355.869,3373.028,59818820300.0,0,3355.7907999999998,3347.8433000000005,3301.9216499999993
2025-02-25,1,,3345.653,3369.558,3337.845,3346.04,52757856200.0,0,3360.1006,3350.6416,3307.00475
2025-02-26,1,,3351.209,3380.214,3351.209,3380.214,55399203100.0,0,3365.8356,3354.0244999999995,3313.8843
2025-02-27,1,,3378.449,3388.781,3353.571,3388.062,57581502000.0,0,3373.2913999999996,3359.5824000000002,3322.6061999999997
2025-02-28,1,,3374.664,3383.191,3318.716,3320.897,56831950400.0,0,3361.6482000000005,3356.9997000000003,3327.14285
2025-03-03,1,,3328.396,3349.017,3304.593,3316.925,50241786200.0,0,3350.4276,3353.1092,3330.3578
2025-03-04,1,,3300.498,3327.824,3297.53,3324.21,42999611100.0,0,3346.0615999999995,3353.0811000000003,3334.03825
2025-03-05,1,,3324.696,3342.714,3314.148,3341.965,46095269600.0,0,3338.4118000000003,3352.1237,3339.6621
2025-03-06,1,,3353.57,3387.054,3348.684,3381.098,53999270900.0,0,3337.0190000000002,3355.1551999999997,3345.18405
2025-03-07,1,,3373.181,3390.944,3363.929,3372.546,51766355100.0,0,3347.3487999999998,3354.4985,3348.6279999999997
2025-03-10,1,,3373.259,3375.798,3347.186,3366.163,45038083200.0,0,3357.1964,3353.8120000000004,3350.82765
2025-03-11,1,,3335.439,3379.829,3334.831,3379.828,44846832300.0,0,3368.3199999999997,3357.1907999999994,3353.9161999999997
2025-03-12,1,,3385.685,3392.409,3370.22,3371.924,50219510000.0,0,3374.3118000000004,3356.3618,3355.19315
2025-03-13,1,,3371.095,3377.118,3341.118,3358.729,51901347900.0,0,3369.8379999999997,3353.4285000000004,3356.5054499999997
2025-03-14,1,,3361.686,3421.233,3360.606,3419.562,58266338800.0,0,3379.2411999999995,3363.2949999999996,3360.14735
2025-03-17,1,,3430.809,3436.352,3422.462,3426.129,51568513800.0,0,3391.2344,3374.2154,3363.6623
2025-03-18,1,,3434.565,3437.065,3423.301,3429.759,45491606300.0,0,3401.2205999999996,3384.7703,3368.9257
2025-03-19,1,,3424.173,3439.046,3414.593,3426.429,44031629900.0,0,3412.1216,3393.2167,3372.6701999999996
2025-03-20,1,,3425.216,3427.045,3404.662,3408.948,45163068200.0,0,3422.1654000000003,3396.0017,3375.57845
2025-03-21,1,,3401.759,3414.709,3355.84,3364.831,52086263000.0,0,3411.2191999999995,3395.2302000000004,3374.86435
2025-03-24,1,,3364.834,3373.694,3340.238,3370.028,51331026000.0,0,3399.999,3395.6167,3374.7143499999997
2025-03-25,1,,3370.001,3379.988,3361.046,3369.976,45635739300.0,0,3388.0424,3394.6315000000004,3375.91115
2025-03-26,1,,3365.666,3382.342,3365.666,3368.697,42853377000.0,0,3376.496,3394.3088000000002,3375.3353
2025-03-27,1,,3362.712,3394.035,3351.174,3373.749,41477631400.0,0,3369.4561999999996,3395.8108,3374.6196499999996
2025-03-28,1,,3372.039,3375.053,3346.081,3351.307,41228428900.0,0,3366.7513999999996,3388.9852999999994,3376.14015
2025-03-31,1,,3343.344,3361.742,3317.738,3335.746,47257197800.0,0,3359.8950000000004,3379.947,3377.0811999999996
2025-04-01,1,,3340.712,3357.622,3338.779,3348.435,42258867000.0,0,3355.5868,3371.8146,3378.29245
2025-04-02,1,,3344.171,3361.134,3343.116,3350.127,35012736400.0,0,3351.8728,3364.1843999999996,3378.70055
2025-04-03,1,,3319.606,3358.426,3319.606,3342.008,40051782700.0,0,3345.5245999999997,3357.4904,3376.74605
2025-04-07,1,,3193.102,3217.782,3040.693,3096.576,66219958400.0,0,3294.5784,3330.6648999999998,3362.94755
2025-04-08,1,,3094.262,3145.549,3085.123,3145.549,66224238700.0,0,3256.5389999999998,3308.2169999999996,3351.91685
2025-04-09,1,,3110.01,3186.81,3070.078,3186.81,68479717400.0,0,3224.214,3289.9004,3342.26595
2025-04-10,1,,3227.836,3239.941,3201.571,3223.638,59120827300.0,0,3198.9162,3275.3945,3334.8516499999996
2025-04-11,1,,3219.505,3249.854,3211.35,3238.227,47553180400.0,0,3178.16,3261.8423,3328.82655
2025-04-14,1,,3251.978,3272.72,3244.733,3262.808,47137322000.0,0,3211.4064,3252.9924,3320.98885
2025-04-15,1,,3260.685,3268.985,3246.337,3267.662,39666289500.0,0,3235.829,3246.184,3313.0654999999997
2025-04-16,1,,3267.665,3276.005,3233.791,3276.004,42953485400.0,0,3253.6677999999997,3238.9409,3305.3777499999997
2025-04-17,1,,3261.718,3285.915,3258.145,3280.341,38201269800.0,0,3265.0083999999997,3231.9623,3298.0733499999997
2025-04-18,1,,3270.353,3283.09,3262.392,3276.73,35883619300.0,0,3272.709,3225.4345000000003,3291.46245
2025-04-21,1,,3273.138,3298.64,3270.013,3291.434,37930758800.0,0,3278.4341999999997,3244.9202999999998,3287.7925999999998
2025-04-22,1,,3289.166,3311.153,3288.332,3299.757,40316761500.0,0,3284.8532,3260.3411,3284.27905
2025-04-23,1,,3308.151,3312.192,3293.063,3296.355,41163321200.0,0,3288.9234000000006,3271.2956,3280.5980000000004
2025-04-24,1,,3295.149,3313.509,3286.236,3297.288,39284474900.0,0,3292.3127999999997,3278.6606,3277.0275500000002
2025-04-25,1,,3300.392,3305.262,3288.755,3295.06,41104319200.0,0,3295.9788,3284.3439,3273.0930999999996
2025-04-28,1,,3292.056,3296.932,3279.877,3288.415,41066586300.0,0,3295.375,3286.9046000000003,3269.9485
2025-04-29,1,,3281.445,3294.982,3277.627,3286.655,38896167200.0,0,3292.7546,3288.8039,3267.4939499999996
2025-04-30,1,,3284.081,3292.2,3277.55,3279.031,43579433500.0,0,3289.2898,3289.1066,3264.02375
2025-05-06,1,,3295.25,3316.448,3286.989,3316.114,47436961700.0,0,3293.0550000000003,3292.6839,3262.3231
2025-05-07,1,,3354.974,3356.688,3324.809,3342.665,51115960600.0,0,3302.576,3299.2774,3262.35595
2025-05-08,1,,3331.205,3359.731,3327.902,3351.996,42837776600.0,0,3315.2922,3305.3336000000004,3275.1269500000003
2025-05-09,1,,3350.405,3351.22,3335.127,3341.999,39890919100.0,0,3326.361,3309.5578,3284.94945
2025-05-12,1,,3352.97,3372.472,3344.269,3369.245,41823991000.0,0,3344.4038,3316.8468000000003,3294.0712
2025-05-13,1,,3386.234,3386.234,3370.252,3374.871,42624070000.0,0,3356.1552,3324.6050999999998,3301.6328500000004
2025-05-14,1,,3374.235,3417.314,3368.078,3403.948,46493444100.0,0,3368.4118000000003,3335.4939,3309.9188999999997
2025-05-15,1,,3398.427,3402.866,3378.021,3380.821,42410091600.0,0,3374.1767999999997,3344.7345,3315.81955
2025-05-16,1,,3374.706,3380.29,3356.661,3367.462,39540103000.0,0,3379.2694,3352.8152,3320.8095500000004
2025-05-19,1,,3365.882,3373.599,3356.648,3367.583,40307480500.0,0,3378.9369999999994,3361.6704,3325.3885
2025-05-20,1,,3371.689,3387.804,3369.963,3380.478,40554453400.0,0,3380.0584000000003,3368.1068,3330.39535
2025-05-21,1,,3380.209,3394.754,3380.209,3387.574,41249616500.0,0,3376.7836,3372.5977,3335.93755
2025-05-22,1,,3381.865,3390.593,3376.233,3380.189,39421720600.0,0,3376.6572,3375.417,3340.3752999999997
2025-05-23,1,,3376.869,3389.469,3348.372,3348.372,40022700400.0,0,3372.8392,3376.0543,3342.80605
2025-05-26,1,,3346.561,3362.307,3336.355,3346.839,34756210100.0,0,3368.6904000000004,3373.8137,3345.33025
2025-05-27,1,,3346.503,3351.572,3332.49,3340.687,34407115700.0,0,3360.7322,3370.3953,3347.5002
2025-05-28,1,,3341.852,3348.234,3336.727,3339.932,34155544300.0,0,3351.2038000000002,3363.9937,3349.7438
2025-05-29,1,,3340.401,3368.633,3337.415,3363.446,39323380600.0,0,3347.8551999999995,3362.2562,3353.49535
2025-05-30,1,,3358.809,3361.275,3341.648,3347.487,38560217000.0,0,3347.6782,3360.2587,3356.53695
2025-06-03,1,,3340.067,3366.997,3340.067,3361.976,39806077200.0,0,3350.7056,3359.6980000000003,3360.6841999999997
2025-06-04,1,,3363.391,3379.64,3363.391,3376.203,38649464300.0,0,3357.8088000000002,3359.2705,3363.68865
2025-06-05,1,,3378.217,3387.765,3371.146,3384.099,40625209300.0,0,3366.6422,3358.923,3365.7603499999996
2025-06-06,1,,3384.295,3391.451,3379.764,3385.358,38012288600.0,0,3371.0245999999997,3359.4399,3367.4284500000003
2025-06-09,1,,3388.778,3402.05,3383.074,3399.772,42734794700.0,0,3381.4816,3364.5798999999997,3370.3171
2025-06-10,1,,3402.013,3406.452,3365.667,3384.816,48161856800.0,0,3386.0496,3368.3776,3371.09565
2025-06-11,1,,3385.457,3413.513,3385.457,3402.316,42409031300.0,0,3391.2722000000003,3374.5405,3372.4678999999996
2025-06-12,1,,3397.972,3408.205,3388.866,3402.658,40949061000.0,0,3394.9839999999995,3380.8131000000003,3372.4034
2025-06-13,1,,3397.484,3401.553,3370.592,3376.996,51006522100.0,0,3393.3116,3382.1681000000003,3372.2121500000003
2025-06-16,1,,3369.366,3389.756,3368.876,3388.729,40538327800.0,0,3391.103,3386.2923,3373.2754999999997
2025-06-17,1,,3388.18,3393.313,3376.42,3387.405,39001244700.0,0,3391.6207999999997,3388.8352,3374.2666
2025-06-18,1,,3386.136,3391.709,3369.986,3388.809,37868489100.0,0,3388.9194,3390.0958,3374.68315
2025-06-19,1,,3384.293,3386.919,3353.936,3362.108,41532765500.0,0,3380.8093999999996,3387.8967,3373.40985
2025-06-20,1,,3358.913,3370.798,3357.706,3359.895,35022366200.0,0,3377.3892,3385.3504000000003,3372.3951500000003
2025-06-23,1,,3349.46,3389.452,3347.651,3381.582,38456139700.0,0,3375.9597999999996,3383.5314,3374.05565
2025-06-24,1,,3380.08,3423.784,3380.08,3420.566,46096380000.0,0,3382.5919999999996,3387.1063999999997,3377.7419999999997
2025-06-25,1,,3419.091,3459.009,3417.411,3455.974,50938406400.0,0,3396.025,3392.4722,3383.5063499999997
2025-06-26,1,,3451.719,3462.752,3446.186,3448.453,49654107700.0,0,3413.2940000000003,3397.0517,3388.9324
2025-06-27,1,,3450.686,3462.627,3421.04,3424.227,52312943200.0,0,3426.1603999999998,3401.7748,3391.97145
2025-06-30,1,,3423.474,3447.46,3420.112,3444.426,45734804900.0,0,3438.7292,3407.3445,3396.8184
2025-07-01,1,,3445.846,3459.587,3441.038,3457.747,44435673900.0,0,3446.1654000000003,3414.3786999999998,3401.60695
2025-07-02,1,,3458.171,3461.328,3447.956,3454.792,49811677600.0,0,3445.929,3420.977,3405.5364
2025-07-03,1,,3456.152,3463.62,3446.974,3461.151,43854346500.0,0,3448.4686,3430.8812999999996,3409.389
2025-07-04,1,,3459.592,3497.225,3455.494,3472.319,50019521000.0,0,3458.0869999999995,3442.1237,3413.7370499999997
2025-07-07,1,,3467.985,3474.801,3462.792,3473.127,43663134000.0,0,3463.8271999999997,3451.2781999999997,3417.4047999999993
2025-07-08,1,,3474.632,3499.886,3474.632,3497.475,49348477300.0,0,3471.7728,3458.9691,3423.0377500000004
2025-07-09,1,,3498.724,3512.669,3491.201,3493.05,52392008800.0,0,3479.4244,3462.6767,3427.57445
2025-07-10,1,,3491.497,3526.59,3491.497,3509.682,56415980500.0,0,3489.1306000000004,3468.7996,3432.92565
2025-07-11,1,,3511.366,3555.218,3506.799,3510.177,66418524900.0,0,3496.7021999999997,3477.3946000000005,3439.5847000000003
2025-07-14,1,,3513.252,3532.118,3513.252,3519.65,57208470500.0,0,3506.0068,3484.917,3446.1307499999994
2025-07-15,1,,3519.805,3527.038,3483.38,3504.999,57207472600.0,0,3507.5116000000003,3489.6422,3452.01045
2025-07-16,1,,3502.899,3511.806,3489.137,3503.777,47087857800.0,0,3509.657,3494.5407,3457.7588500000006
2025-07-17,1,,3500.372,3517.285,3499.186,3516.826,47221105600.0,0,3511.0858,3500.1082,3465.4947500000003
2025-07-18,1,,3519.475,3536.014,3518.231,3534.483,49348408800.0,0,3515.947,3506.3246,3474.2241499999996
2025-07-21,1,,3542.816,3560.629,3542.568,3559.791,63364973600.0,0,3523.9752,3514.9909999999995,3483.1346
2025-07-22,1,,3561.632,3584.719,3547.252,3581.861,71615523000.0,0,3539.3476,3523.4296000000004,3491.19935
2025-07-23,1,,3588.878,3613.022,3577.594,3582.298,76767238800.0,0,3555.0517999999997,3532.3544,3497.51555
2025-07-24,1,,3578.912,3608.728,3577.113,3605.727,77326583500.0,0,3572.832,3541.9589,3505.3792499999995
2025-07-25,1,,3604.451,3610.029,3586.22,3593.655,69718954900.0,0,3584.6664000000005,3550.3067,3513.8506499999994
2025-07-28,1,,3594.231,3606.274,3582.149,3597.937,59418787700.0,0,3592.2956,3558.1354,3521.5262000000002
2025-07-29,1,,3595.81,3611.353,3585.944,3609.711,61064205800.0,0,3597.8656,3568.6066,3529.1243999999997
2025-07-30,1,,3608.354,3636.166,3593.734,3615.717,63722191600.0,0,3604.5494,3579.8006,3537.17065
2025-07-31,1,,3604.696,3606.374,3562.607,3573.208,65450934900.0,0,3598.0456,3585.4388,3542.7735000000002
2025-08-01,1,,3568.261,3581.746,3550.043,3559.952,50956308000.0,0,3591.3050000000003,3587.9857,3547.15515
2025-08-04,1,,3547.163,3583.309,3547.163,3583.309,45857361800.0,0,3588.3794000000003,3590.3375,3552.6642500000003
2025-08-05,1,,3588.808,3617.598,3586.969,3617.598,49979778000.0,0,3589.9568,3593.9112,3558.6704
2025-08-06,1,,3615.808,3634.314,3613.989,3633.995,51246727300.0,0,3593.6124000000004,3599.0809,3565.71765
2025-08-07,1,,3637.781,3645.117,3622.522,3639.667,53550120200.0,0,3606.9042,3602.4749,3572.2169000000004
2025-08-08,1,,3634.855,3645.367,3625.451,3635.128,52640757200.0,0,3621.9394,3606.6222000000002,3578.4644500000004
2025-08-11,1,,3637.053,3656.852,3629.627,3647.547,55139334800.0,0,3634.7869999999994,3611.5832,3584.8593
2025-08-12,1,,3647.963,3669.038,3647.963,3665.918,53662373900.0,0,3644.451,3617.2039000000004,3592.90525
2025-08-13,1,,3668.658,3688.628,3666.547,3683.465,61352888400.0,0,3654.3450000000003,3623.9787000000006,3601.8896499999996
2025-08-14,1,,3685.522,3704.772,3662.57,3666.443,64782958700.0,0,3659.7002,3633.3022000000005,3609.3704999999995
2025-08-15,1,,3659.815,3702.255,3658.376,3696.771,67852170300.0,0,3672.0288,3646.9841,3617.4849000000004
2025-08-18,1,,3712.495,3745.939,3702.38,3728.027,77601666900.0,0,3688.1248,3661.4559,3625.8967000000002
2025-08-19,1,,3728.485,3746.669,3718.147,3727.288,69609975000.0,0,3700.3988000000004,3672.4248999999995,3633.16805
2025-08-20,1,,3716.685,3767.43,3704.991,3766.21,67983642600.0,0,3716.9478000000004,3685.6464,3642.3636500000002
2025-08-21,1,,3770.676,3787.981,3757.992,3771.099,69155295900.0,0,3737.879,3698.7896,3650.63225
2025-08-22,1,,3772.277,3825.759,3772.277,3825.759,69813627700.0,0,3763.6766,3717.8526999999995,3662.2374500000005
2025-08-25,1,,3848.163,3883.562,3839.972,3883.562,88547480200.0,0,3794.7836,3741.4542,3676.5186999999996
2025-08-26,1,,3871.471,3888.599,3859.758,3868.382,73456530500.0,0,3823.0024000000003,3761.7006,3689.4522500000007
2025-08-27,1,,3869.612,3887.198,3800.35,3800.35,85863349900.0,0,3829.8304,3773.3890999999994,3698.6839
2025-08-28,1,,3796.711,3845.087,3761.422,3843.597,78835194700.0,0,3844.3300000000004,3791.1045,3712.2033500000007
2025-08-29,1,,3842.823,3867.606,3839.206,3857.927,73946236600.0,0,3850.7635999999998,3807.2201,3727.1021
2025-09-01,1,,3869.746,3879.045,3853.658,3875.53,74770953600.0,0,3849.1572,3821.9704000000006,3741.7131500000005
2025-09-02,1,,3877.086,3885.315,3828.678,3858.133,76261883300.0,0,3847.1074,3835.0549,3753.7399000000005
2025-09-03,1,,3865.286,3868.388,3794.884,3813.557,64566851000.0,0,3849.7488,3839.7896,3762.718
2025-09-04,1,,3807.757,3808.396,3732.84,3765.876,71022793300.0,0,3834.2046,3839.2673000000004,3769.0284499999993
2025-09-05,1,,3761.88,3817.159,3745.309,3812.514,62622338000.0,0,3825.1220000000003,3837.9428,3777.89775
2025-09-08,1,,3811.669,3833.143,3803.603,3826.841,66006689800.0,0,3815.3841999999995,3832.2706999999996,3786.8624500000005
2025-09-09,1,,3816.657,3834.671,3791.724,3807.292,60023938000.0,0,3805.2160000000003,3826.1616999999997,3793.9311500000003
2025-09-10,1,,3806.584,3826.996,3794.057,3812.221,53453982500.0,0,3804.9487999999997,3827.3488000000007,3800.36895
2025-09-11,1,,3806.056,3875.309,3796.435,3875.309,61701293000.0,0,3826.8354,3830.5199999999995,3810.8122500000004
2025-09-12,1,,3875.507,3892.738,3866.539,3870.598,70064178400.0,0,3838.4521999999997,3831.7871,3819.5036
2025-09-15,1,,3876.097,3879.737,3855.973,3860.504,64479394400.0,0,3845.1848,3830.2845,3826.12745
2025-09-16,1,,3865.98,3876.69,3838.648,3861.865,67343972300.0,0,3856.0994,3830.6576999999997,3832.8562999999995
2025-09-17,1,,3854.073,3882.669,3848.946,3876.341,66343471300.0,0,3868.9233999999997,3836.9361000000004,3838.36285
2025-09-18,1,,3876.059,3899.959,3800.995,3831.656,87602738900.0,0,3860.1928,3843.5140999999994,3841.3907
2025-09-19,1,,3830.444,3843.17,3811.903,3820.089,68229261300.0,0,3850.0909999999994,3844.271599999999,3841.1072
2025-09-22,1,,3822.01,3831.74,3806.202,3828.576,56832568600.0,0,3843.7054000000003,3844.4451,3838.3579000000004
2025-09-23,1,,3830.138,3838.606,3774.528,3821.833,70190286800.0,0,3835.6989999999996,3845.8992,3836.0304500000007
2025-09-24,1,,3804.483,3854.923,3804.328,3853.642,60205667000.0,0,3831.1591999999996,3850.0412999999994,3838.69505
2025-09-25,1,,3852.431,3866.106,3840.459,3853.302,58995053100.0,0,3835.4884000000006,3847.8406000000004,3839.1803
2025-09-26,1,,3839.855,3856.606,3828.106,3828.106,55127533500.0,0,3837.0918000000006,3843.5914,3837.6892500000004
2025-09-29,1,,3828.166,3881.002,3809.535,3862.532,60846639900.0,0,3843.8830000000003,3843.7941999999994,3837.03935
2025-09-30,1,,3869.705,3887.57,3866.281,3882.777,56973463100.0,0,3856.0718,3845.8854,3838.27155
2025-10-09,1,,3898.307,3936.576,3885.744,3933.972,72521850100.0,0,3872.1377999999995,3851.6485000000002,3844.2922999999996
2025-10-10,1,,3915.475,3933.005,3886.305,3897.028,71891767300.0,0,3880.8830000000003,3858.1857000000005,3850.8499
2025-10-13,1,,3800.106,3895.83,3800.106,3889.502,70950610100.0,0,3893.1622,3865.1270000000004,3854.6992999999993
2025-10-14,1,,3910.783,3918.436,3851.121,3865.229,80083963100.0,0,3893.7015999999994,3868.7923,3856.6187
2025-10-15,1,,3867.536,3912.291,3857.667,3912.21,64501295500.0,0,3899.5881999999997,3877.8300000000004,3861.8646
2025-10-16,1,,3900.683,3931.05,3899.167,3916.228,59545149100.0,0,3896.0394,3884.0886000000005,3867.06495
2025-10-17,1,,3912.04,3921.065,3835.365,3839.755,61756301800.0,0,3884.5847999999996,3882.7339,3865.28725
2025-10-20,1,,3865.552,3877.722,3850.367,3863.893,54926171200.0,0,3879.4629999999997,3886.3126,3864.9519999999998
2025-10-21,1,,3870.749,3919.318,3868.145,3916.332,59941571300.0,0,3889.6835999999994,3891.6926,3867.7434000000003
2025-10-22,1,,3896.074,3918.592,3893.325,3913.758,54311734400.0,0,3889.9932,3894.7907,3870.33805
2025-10-23,1,,3904.159,3926.217,3877.529,3922.41,56518926400.0,0,3891.2296,3893.6345,3872.6415
2025-10-24,1,,3929.115,3950.312,3928.96,3950.312,56785844300.0,0,3913.3410000000003,3898.9629,3878.5743
2025-10-27,1,,3969.22,3999.067,3963.102,3996.945,63758954500.0,0,3939.9514000000004,3909.7072,3887.4170999999997
2025-10-28,1,,3986.891,4010.728,3976.833,3988.224,57735768400.0,0,3954.3298000000004,3922.0067000000004,3895.3994999999995
2025-10-29,1,,3990.266,4016.331,3986.941,4016.331,61291746600.0,0,3974.8444000000004,3932.4188000000004,3905.1243999999997
2025-10-30,1,,4007.821,4025.705,3984.828,3986.901,66848560900.0,0,3987.7426,3939.4860999999996,3911.78735
2025-10-31,1,,3985.064,3986.743,3951.731,3954.79,67561540600.0,0,3988.6382,3950.9896,3916.86175
2025-11-03,1,,3954.078,3977.305,3937.022,3976.521,64124594500.0,0,3984.5534,3962.2524,3924.2825
2025-11-04,1,,3973.458,3985.882,3938.52,3960.186,61549379200.0,0,3978.9458,3966.6378000000004,3929.1652000000004
2025-11-05,1,,3922.584,3979.754,3922.584,3969.248,61499161800.0,0,3969.5292,3972.1868000000004,3933.4887499999995
2025-11-06,1,,3973.349,4008.799,3973.349,4007.76,62736754700.0,0,3973.701,3980.7217999999993,3937.1781500000006
2025-11-07,1,,3994.317,4012.005,3993.691,3997.556,59650703400.0,0,3982.2542000000003,3985.4462,3942.20455
2025-11-10,1,,4001.794,4018.696,3990.836,4018.597,63404999300.0,0,3990.6694,3987.6114000000002,3948.6593000000003
2025-11-11,1,,4023.877,4024.939,3991.516,4002.758,58199492100.0,0,3999.1838000000002,3989.0648,3955.53575
2025-11-12,1,,3996.565,4020.378,3980.676,4000.14,58619322800.0,0,4005.3622000000005,3987.4457,3959.9322499999994
2025-11-13,1,,3996.514,4030.398,3994.771,4029.501,61303106100.0,0,4009.7104,3991.7057,3965.5959000000003
2025-11-14,1,,4007.126,4034.079,3990.307,3990.492,62201711800.0,0,4008.2976000000003,3995.2758999999996,3973.1327499999998
2025-11-17,1,,3988.556,3992.404,3958.948,3972.035,59201795000.0,0,3998.9852,3994.8273,3978.53985
2025-11-18,1,,3962.444,3966.885,3926.589,3939.813,59441104600.0,0,3986.3962,3992.79,3979.7138999999997
2025-11-19,1,,3937.92,3960.052,3930.075,3946.742,53114960100.0,0,3975.7166000000007,3990.5394,3981.3630999999996
2025-11-20,1,,3960.699,3967.971,3927.512,3931.051,53474954000.0,0,3956.0266,3982.8685000000005,3981.7951500000004
2025-11-21,1,,3896.665,3912.006,3834.749,3834.891,63164625100.0,0,3924.9064,3966.602,3976.0241
2025-11-24,1,,3848.657,3854.331,3816.576,3836.766,50460171600.0,0,3897.8525999999997,3948.4188999999997,3968.0151500000006
2025-11-25,1,,3850.571,3882.03,3845.138,3870.023,47872761100.0,0,3883.8946000000005,3935.1454,3962.1050999999998
2025-11-26,1,,3867.429,3879.923,3861.177,3864.184,45758975500.0,0,3867.3830000000003,3921.5498,3954.49775
2025-11-27,1,,3867.197,3895.589,3864.131,3875.259,44402194700.0,0,3856.2246,3906.1256000000003,3948.91565
2025-11-28,1,,3870.944,3888.889,3856.25,3888.596,44993197300.0,0,3866.9656000000004,3895.936,3945.60595
2025-12-01,1,,3894.213,3914.464,3890.949,3914.006,53755413300.0,0,3882.4136,3890.1331,3942.4802000000004
2025-12-02,1,,3908.456,3908.769,3888.328,3897.712,45558449400.0,0,3887.9513999999995,3885.923,3939.3565000000003
2025-12-03,1,,3894.156,3901.696,3869.953,3878.0,48561727000.0,0,3890.7146000000002,3879.0487999999996,3934.7941000000005
2025-12-04,1,,3879.742,3888.86,3859.049,3875.793,44504029000.0,0,3890.8214,3873.5229999999997,3928.19575
2025-12-05,1,,3873.121,3907.782,3863.314,3902.808,50036876800.0,0,3893.6638,3880.3147000000004,3923.45835
2025-12-08,1,,3909.226,3936.311,3904.738,3924.078,54734978900.0,0,3895.6782,3889.0459,3918.7324
2025-12-09,1,,3916.509,3923.899,3902.128,3909.522,52453825600.0,0,3898.0402000000004,3892.9957999999997,3914.0706000000005
2025-12-10,1,,3901.128,3906.116,3876.475,3900.496,49733150400.0,0,3902.5394,3896.6269999999995,3909.0884000000005
2025-12-11,1,,3903.895,3904.963,3862.821,3873.318,52565860000.0,0,3902.0444,3896.4329,3901.2792500000005
2025-12-12,1,,3869.413,3891.807,3850.597,3889.346,57394713000.0,0,3899.352,3896.5079000000005,3896.22195
2025-12-15,1,,3865.402,3896.977,3863.63,3867.921,50092279000.0,0,3888.1205999999997,3891.8994,3891.0162499999997
2025-12-16,1,,3861.515,3862.427,3815.844,3824.812,51249482700.0,0,3871.1786,3884.6094000000003,3885.2662000000005
2025-12-17,1,,3822.509,3881.752,3817.996,3870.278,51231369200.0,0,3865.1349999999998,3883.8372000000004,3881.443
2025-12-18,1,,3857.257,3888.285,3856.423,3876.371,46117262500.0,0,3865.7455999999997,3883.8949999999995,3878.709
2025-12-19,1,,3878.227,3902.671,3871.777,3890.448,51351189300.0,0,3865.9659999999994,3882.6589999999997,3881.48685
2025-12-22,1,,3900.535,3920.012,3900.515,3917.364,52293899200.0,0,3875.8546,3881.9875999999995,3885.51675
2025-12-23,1,,3919.106,3937.127,3910.745,3919.979,52115695200.0,0,3894.888,3883.0333,3888.014550000001
2025-12-24,1,,3920.347,3947.041,3912.311,3940.947,47489644700.0,0,3909.0218,3887.0784,3891.8527000000004
2025-12-25,1,,3937.72,3964.073,3936.078,3959.621,46931309300.0,0,3925.6718,3895.7087,3896.0708000000004
2025-12-26,1,,3957.833,3977.706,3945.524,3963.679,55548959200.0,0,3940.318,3903.142,3899.8249499999997
2025-12-29,1,,3964.651,3983.979,3956.946,3965.28,56368719700.0,0,3949.9012000000002,3912.8779000000004,3902.3886499999994
2025-12-30,1,,3947.871,3979.99,3947.419,3965.116,52593258800.0,0,3958.9286,3926.9083,3905.7588499999997
2025-12-31,1,,3968.726,3977.536,3955.487,3968.84,49075149000.0,0,3964.5072,3936.7644999999998,3910.3008499999996
2026-01-05,1,,3986.972,4025.263,3983.576,4023.417,59695045500.0,0,3977.2664000000004,3951.4691,3917.6820500000003
2026-01-06,1,,4026.016,4083.667,4025.088,4083.667,70247227000.0,0,4001.264,3970.791,3926.725
2026-01-07,1,,4083.843,4098.777,4069.436,4085.772,68338435200.0,0,4025.3623999999995,3987.6318,3934.8097000000002
2026-01-08,1,,4077.715,4093.872,4067.122,4082.979,66613133700.0,0,4048.935,4003.9318,3943.4825499999997
2026-01-09,1,,4086.762,4121.723,4083.616,4120.426,72983798500.0,0,4079.2522,4021.8797000000004,3954.4790499999995
2026-01-12,1,,4134.893,4168.357,4119.879,4165.287,83945608900.0,0,4107.626200000001,4042.4463000000005,3969.0774999999994
2026-01-13,1,,4169.704,4179.702,4126.234,4138.759,86838271700.0,0,4118.6446,4059.9543,3981.54815
2026-01-14,1,,4138.645,4190.866,4103.621,4126.093,95255128900.0,0,4126.7088,4076.0356,3994.4567500000003
2026-01-15,1,,4106.224,4133.073,4096.85,4112.601,68025079100.0,0,4132.633199999999,4090.7841,4008.8462
2026-01-16,1,,4127.063,4140.225,4091.811,4101.913,76358846500.0,0,4128.9306,4104.0914,4020.4279500000002
2026-01-19,1,,4090.719,4126.518,4090.057,4114.0,68890587000.0,0,4118.673199999999,4113.1497,4032.3094000000006
2026-01-20,1,,4116.366,4128.93,4080.294,4113.649,73436249600.0,0,4113.651199999999,4116.1479,4043.4694499999996
2026-01-21,1,,4103.529,4135.959,4103.529,4116.94,66698950700.0,0,4111.8206,4119.264700000001,4053.44825
2026-01-22,1,,4126.072,4140.838,4109.923,4122.576,70969540900.0,0,4113.8156,4123.224400000001,4063.5780999999997
2026-01-23,1,,4130.108,4143.75,4120.204,4136.164,78211545400.0,0,4120.665800000001,4124.798199999999,4073.33895
2026-01-26,1,,4144.778,4160.985,4124.7,4132.605,88743973100.0,0,4124.3868,4121.53,4081.9881499999997
2026-01-27,1,,4125.216,4158.802,4101.83,4139.904,75499086900.0,0,4129.6377999999995,4121.6445,4090.799400000001
2026-01-28,1,,4150.215,4170.147,4138.019,4151.238,82302674800.0,0,4136.4974,4124.159,4100.0973
2026-01-29,1,,4155.919,4170.214,4138.299,4157.985,90590837100.0,0,4143.5792,4128.697399999999,4109.74075
2026-01-30,1,,4131.993,4152.85,4064.777,4117.948,80434274600.0,0,4139.936,4130.3009,4117.19615
2026-02-02,1,,4079.708,4103.407,4013.656,4015.746,73295369800.0,0,4116.5642,4120.4755,4116.8126
2026-02-03,1,,4043.906,4069.418,4002.782,4067.738,63768424900.0,0,4102.131,4115.8844,4116.01615
2026-02-04,1,,4064.677,4104.621,4062.683,4102.202,67425424400.0,0,4092.3237999999997,4114.4106,4116.8376499999995
2026-02-05,1,,4075.025,4088.904,4048.939,4075.917,59672223600.0,0,4075.9102,4109.7447,4116.484549999999
2026-02-06,1,,4040.299,4095.03,4029.973,4065.583,55670980100.0,0,4065.4372000000003,4102.6866,4113.7424
2026-02-09,1,,4103.54,4123.159,4093.056,4123.09,57263258200.0,0,4086.906,4101.7351,4111.63255
2026-02-10,1,,4127.766,4134.338,4117.564,4128.373,52462096900.0,0,4099.033,4100.582,4111.11325
2026-02-11,1,,4124.428,4142.561,4122.428,4131.985,50068527800.0,0,4104.9896,4098.6567,4111.40785
2026-02-12,1,,4136.99,4140.593,4124.131,4134.018,52937011600.0,0,4116.6098,4096.26,4112.4787
2026-02-13,1,,4115.924,4123.844,4079.77,4082.073,50079947200.0,0,4119.9078,4092.6724999999997,4111.4866999999995
2026-02-24,1,,4129.134,4131.55,4105.937,4117.409,56632224900.0,0,4118.7716,4102.8387999999995,4111.65715
2026-02-25,1,,4123.781,4167.844,4122.699,4147.231,72478721400.0,0,4122.5432,4110.7881,4113.33625
2026-02-26,1,,4151.068,4152.193,4127.153,4146.631,65170282600.0,0,4125.4724,4115.231,4114.8207999999995
2026-02-27,1,,4128.897,4166.234,4128.36,4162.882,68204764600.0,0,4131.245199999999,4123.9275,4116.8361
2026-03-02,1,,4151.801,4188.77,4131.368,4182.591,86157921800.0,0,4151.3488,4135.628299999999,4119.157450000001
2026-03-03,1,,4189.408,4197.228,4116.011,4122.676,92113917000.0,0,4152.4021999999995,4135.5869,4118.661
2026-03-04,1,,4087.632,4106.04,4055.413,4082.474,76516953100.0,0,4139.4508000000005,4130.997,4115.7895
2026-03-05,1,,4109.777,4125.617,4090.621,4108.567,68974653500.0,0,4131.838000000001,4128.6552,4113.655949999999
2026-03-06,1,,4085.895,4129.465,4085.895,4124.194,64676576000.0,0,4124.1004,4127.672799999999,4111.966399999999
2026-03-09,1,,4098.699,4106.534,4052.545,4096.602,79780355600.0,0,4106.902599999999,4129.1257,4110.8991000000005
2026-03-10,1,,4098.587,4123.958,4098.587,4123.138,67492219400.0,0,4106.995,4129.698600000001,4116.2687000000005
2026-03-11,1,,4123.666,4135.839,4112.8,4133.433,70772716900.0,0,4117.1867999999995,4128.3188,4119.553449999999
2026-03-12,1,,4133.2,4141.649,4103.164,4129.103,78615118200.0,0,4121.294,4126.566000000001,4120.8985
2026-03-13,1,,4117.574,4134.079,4086.847,4095.449,79205476400.0,0,4115.545,4119.8227,4121.8751
2026-03-16,1,,4092.249,4096.133,4048.087,4084.786,73222709800.0,0,4113.1818,4110.0422,4122.83525
2026-03-17,1,,4086.295,4108.4,4049.58,4049.907,67877122400.0,0,4098.535600000001,4102.765300000001,4119.1761
2026-03-18,1,,4053.305,4065.373,4023.03,4062.984,62387310200.0,0,4084.4458,4100.8163,4115.90665
2026-03-19,1,,4028.542,4042.022,3994.165,4006.552,66725542200.0,0,4059.9356,4090.6148000000003,4109.635
2026-03-20,1,,4004.573,4022.703,3955.711,3957.053,66679838700.0,0,4032.2563999999998,4073.9007000000006,4100.78675
2026-03-23,1,,3904.951,3906.622,3794.684,3813.283,80473885000.0,0,3977.9557999999997,4045.5688,4087.3472500000003
2026-03-24,1,,3849.631,3881.424,3807.994,3881.28,68062203900.0,0,3944.2304000000004,4021.3830000000003,4075.5408
2026-03-25,1,,3892.269,3933.061,3891.816,3931.838,68834362600.0,0,3918.0012,4001.2235,4064.7711499999996
2026-03-26,1,,3924.962,3937.104,3880.573,3889.084,61597398100.0,0,3894.5076,3977.2216,4051.8938000000003
2026-03-27,1,,3852.094,3924.108,3852.094,3913.724,56134296300.0,0,3885.8418000000006,3959.0491,4039.4358999999995
2026-03-30,1,,3884.277,3924.289,3872.776,3923.287,59558947900.0,0,3907.8426,3942.8992000000007,4026.4706999999994
2026-03-31,1,,3924.067,3948.811,3891.861,3891.861,60670498300.0,0,3909.9588000000003,3927.0945999999994,4014.92995
2026-04-01,1,,3939.566,3955.943,3929.921,3948.552,56461159800.0,0,3913.3016000000002,3915.6514,4008.2338499999996
2026-04-02,1,,3940.799,3952.576,3900.116,3919.285,54421283500.0,0,3919.3417999999997,3906.9246999999996,3998.7697500000004
2026-04-03,1,,3927.592,3929.529,3871.3,3880.097,49269908200.0,0,3912.6164,3899.2290999999996,3986.5649
2026-04-07,1,,3884.151,3902.607,3875.684,3890.165,47361507600.0,0,3905.9919999999997,3906.9173,3976.24305
2026-04-08,1,,3930.251,3994.998,3926.249,3994.998,64413535200.0,0,3926.6194000000005,3918.2891000000004,3969.8360499999994
2026-04-09,1,,3967.63,3979.127,3955.246,3966.171,54156980100.0,0,3930.1432,3921.7224,3961.4729500000003
2026-04-10,1,,3985.464,4011.024,3979.814,3986.225,54641554100.0,0,3943.5312000000004,3931.4365,3954.3290500000003
2026-04-13,1,,3971.199,3991.262,3966.198,3988.558,54578176800.0,0,3965.2234,3938.9199,3948.9845
2026-04-14,1,,4006.727,4026.626,3992.407,4026.626,57025900300.0,0,3992.5156,3949.2538,3946.0765
2026-04-15,1,,4039.471,4050.621,4020.904,4027.21,56945858900.0,0,3998.958,3962.7887,3944.9416499999998
2026-04-16,1,,4030.138,4057.831,4028.909,4055.547,54587696700.0,0,4016.8332,3973.4882,3944.5697999999998
2026-04-17,1,,4043.381,4058.604,4038.429,4051.425,54879140600.0,0,4029.8732000000005,3986.7022000000006,3946.81345
2026-04-20,1,,4053.375,4083.19,4051.685,4082.127,58984137900.0,0,4048.5869999999995,4006.9051999999997,3953.0671500000003
2026-04-21,1,,4075.845,4086.637,4062.133,4085.077,57668945000.0,0,4060.2771999999995,4026.3964,3966.6568499999994
2026-04-22,1,,4074.813,4106.844,4074.68,4106.258,58246634600.0,0,4076.0868,4037.5224000000003,3977.9057499999994
2026-04-23,1,,4110.788,4114.844,4070.46,4093.25,67116609200.0,0,4083.6274,4050.2303,3985.97635
2026-04-24,1,,4081.033,4092.613,4061.145,4079.9,60503179800.0,0,4089.3224,4059.5977999999996,3995.5171500000006
2026-04-27,1,,4074.811,4092.831,4071.08,4086.344,58995086700.0,0,4090.1658,4069.3764,4004.14815
2026-04-28,1,,4076.143,4090.201,4062.872,4078.637,60050749800.0,0,4088.8777999999998,4074.5774999999994,4011.9156500000004
2026-04-29,1,,4061.822,4112.152,4061.822,4107.514,61422145100.0,0,4089.129,4082.6079,4022.6983
2026-04-30,1,,4107.297,4118.755,4100.966,4112.159,65691272800.0,0,4092.9108,4088.2691,4030.87865
2026-05-06,1,,4135.451,4166.147,4129.911,4160.174,70117748000.0,0,4108.9656,4099.143999999999,4042.9231
2026-05-07,1,,4168.447,4180.21,4163.137,4180.092,68557424900.0,0,4127.7152,4108.9405,4057.9228500000004
2026-05-08,1,,4163.854,4183.063,4154.246,4179.952,69701909400.0,0,4147.9782,4118.428,4072.4122
2026-05-11,1,,4201.347,4229.58,4186.082,4225.021,76273628700.0,0,4171.479600000001,4130.3043,4083.9133500000003
2026-05-12,1,,4229.283,4230.184,4199.344,4214.489,71898400200.0,0,4191.9456,4142.4282,4096.329250000001
2026-05-13,1,,4192.315,4245.068,4192.315,4242.572,70501873900.0,0,4208.4252,4158.6954000000005,4109.1466
2026-05-14,1,,4256.157,4258.863,4177.918,4177.918,76423500400.0,0,4207.990400000001,4167.8528,4118.614599999999
2026-05-15,1,,4174.175,4191.807,4114.086,4135.389,73316235700.0,0,4199.0778,4173.528,4124.052750000001
2026-05-18,1,,4120.14,4145.661,4108.604,4131.528,62723313700.0,0,4180.3792,4175.9294,4129.26865
2026-05-19,1,,4122.961,4170.289,4107.994,4169.538,61761106700.0,0,4171.389,4181.6673,4134.9682
2026-05-20,1,,4152.698,4169.847,4139.974,4162.185,62415203500.0,0,4155.3116,4181.8684,4140.506200000001
2026-05-21,1,,4174.377,4199.527,4074.217,4077.277,72721870100.0,0,4135.1834,4171.5869,4140.2636999999995
2026-05-22,1,,4096.172,4120.088,4067.747,4112.9,58945964400.0,0,4130.6856,4164.8817,4141.654850000001
2026-05-25,1,,4126.338,4153.879,4119.8,4152.569,61593086100.0,0,4134.8938,4157.6365,4143.9704
2026-05-26,1,,4137.32,4150.289,4104.459,4145.373,65477775600.0,0,4130.0608,4150.724899999999,4146.57655
2026-05-27,1,,4138.805,4153.561,4077.616,4093.727,66046739900.0,0,4116.369199999999,4135.840399999999,4147.2679
2026-05-28,1,,4080.304,4110.782,4055.828,4098.636,62117995000.0,0,4120.641,4127.912200000001,4147.8825
2026-05-29,1,,4110.521,4112.955,4055.886,4068.569,73159771000.0,0,4111.7748,4121.2302,4147.3791
2026-06-01,1,,4067.158,4093.041,4045.69,4057.74,67602580600.0,0,4092.809,4113.8514,4144.8904
2026-06-02,1,,4061.463,4089.575,4032.583,4075.102,64224465600.0,0,4078.7548,4104.407799999999,4143.03755
2026-06-03,1,,4068.341,4107.046,4059.907,4083.974,66845258300.0,0,4076.8042,4096.5867,4139.2275500000005
2026-06-04,1,,4053.67,4080.718,4043.433,4057.781,62119477400.0,0,4068.6332,4094.6371,4133.111999999999
2026-06-05,1,,4044.829,4078.932,4015.063,4027.736,66291857700.0,0,4060.4665999999997,4086.1207000000004,4125.501200000001
2026-06-08,1,,3938.709,4007.493,3927.853,3959.338,65929355500.0,0,4040.7862,4066.7976000000003,4112.21705
2026-06-09,1,,3977.539,4010.872,3955.908,4010.031,57657009000.0,0,4027.772,4053.2634,4101.99415
2026-06-10,1,,3985.124,4006.313,3963.442,3993.226,59869473900.0,0,4009.6224,4043.2133000000003,4089.5268499999997
2026-06-11,1,,3979.706,3997.478,3958.437,3987.015,56854524400.0,0,3995.4692000000005,4032.0512000000003,4079.9817000000003
2026-06-12,1,,4017.865,4060.271,4008.177,4031.513,74313109200.0,0,3996.2246,4028.3455999999996,4074.7879000000003
2026-06-15,1,,4053.582,4097.166,4051.065,4096.472,67890781100.0,0,4023.6513999999997,4032.2188,4073.0351
2026-06-16,1,,4094.212,4103.926,4077.87,4091.892,61566829600.0,0,4040.0236000000004,4033.8978,4069.1528000000008
2026-06-17,1,,4074.291,4109.958,4073.732,4108.076,60807741300.0,0,4062.9936000000002,4036.308,4066.44735
2026-06-18,1,,4094.23,4117.451,4080.294,4090.481,65811606800.0,0,4083.6868000000004,4039.578,4067.1075499999997
