datetime,code,name,open,high,low,close,volume,amount,MA5,MA10,MA20
2026-04-07 09:45,1,上证指数,3884.15,3894.42,3875.68,3893.91,104917815.0,21.8655,3893.91,3893.91,3893.91
2026-04-07 10:00,1,上证指数,3894.29,3902.61,3894.04,3895.7,54462913.0,11.3504,3894.805,3894.805,3894.805
2026-04-07 10:15,1,上证指数,3895.47,3901.41,3891.86,3898.03,38342111.0,7.9907,3895.88,3895.88,3895.88
2026-04-07 10:30,1,上证指数,3897.83,3899.85,3891.08,3894.89,29562524.0,6.161,3895.6325,3895.6325,3895.6325
2026-04-07 10:45,1,上证指数,3895.67,3900.53,3894.73,3898.45,27299963.0,5.6895,3896.196,3896.196,3896.196
2026-04-07 11:00,1,上证指数,3898.5,3899.78,3894.41,3895.84,20070281.0,4.1828,3896.582,3896.1366666666663,3896.1366666666663
2026-04-07 11:15,1,上证指数,3896.31,3898.25,3888.51,3889.09,18017068.0,3.7549,3895.26,3895.13,3895.13
2026-04-07 11:30,1,上证指数,3888.77,3889.36,3880.62,3881.17,17259757.0,3.597,3891.888,3893.385,3893.385
2026-04-07 13:15,1,上证指数,3881.17,3891.59,3880.79,3883.4,21792376.0,4.5417,3889.59,3892.275555555556,3892.275555555556
2026-04-07 13:30,1,上证指数,3883.35,3884.01,3876.98,3880.37,20287159.0,4.228,3885.974,3891.085,3891.085
2026-04-07 13:45,1,上证指数,3880.97,3887.16,3880.37,3883.4,15788199.0,3.2903,3883.486,3890.034000000001,3890.386363636364
2026-04-07 14:00,1,上证指数,3883.03,3889.06,3881.57,3889.06,16931745.0,3.5287,3883.480000000001,3889.37,3890.275833333333
2026-04-07 14:15,1,上证指数,3888.79,3890.43,3884.56,3885.12,15844931.0,3.3022,3884.27,3888.079,3889.879230769231
2026-04-07 14:30,1,上证指数,3885.35,3889.97,3885.24,3888.78,16842353.0,3.51,3885.346,3887.468,3889.800714285714
2026-04-07 14:45,1,上证指数,3888.55,3890.12,3882.53,3884.58,22117168.0,4.6093,3886.188,3886.081,3889.4526666666666
2026-04-07 15:00,1,上证指数,3884.77,3891.02,3884.48,3890.16,34078713.0,7.1022,3887.54,3885.513,3889.496875
2026-04-08 09:45,1,上证指数,3930.25,3951.24,3926.25,3942.26,171545811.0,35.7505,3898.18,3890.83,3892.600588235295
2026-04-08 10:00,1,上证指数,3941.89,3945.93,3934.07,3937.44,67400437.0,14.0464,3908.644,3896.457,3895.091666666666
2026-04-08 10:15,1,上证指数,3937.14,3951.94,3937.14,3949.94,41532345.0,8.6554,3920.876,3903.111,3897.9784210526313
2026-04-08 10:30,1,上证指数,3950.26,3952.71,3946.33,3951.12,31945902.0,6.6576,3934.184,3910.186,3900.6355
2026-04-08 10:45,1,上证指数,3951.33,3962.28,3951.33,3962.28,30136110.0,6.2804,3948.608,3918.074,3904.054
2026-04-08 11:00,1,上证指数,3962.09,3965.66,3958.03,3958.53,25139696.0,5.2392,3951.862,3925.0210000000006,3907.1955
2026-04-08 11:15,1,上证指数,3958.67,3966.43,3958.67,3966.43,20424188.0,4.2564,3957.66,3933.152,3910.6155
2026-04-08 11:30,1,上证指数,3966.45,3967.97,3961.81,3964.72,18975232.0,3.9545,3960.616,3940.746,3914.107
2026-04-08 13:15,1,上证指数,3964.72,3972.49,3964.72,3972.49,30008336.0,6.2538,3964.89,3949.537,3917.809
2026-04-08 13:30,1,上证指数,3972.18,3983.73,3972.18,3978.54,29500473.0,6.148,3968.142,3958.375,3921.944
2026-04-08 13:45,1,上证指数,3978.34,3986.21,3975.9,3985.12,25439648.0,5.3017,3973.46,3962.661,3926.7455
2026-04-08 14:00,1,上证指数,3985.06,3989.27,3984.44,3986.21,27429197.0,5.7163,3977.416,3967.538,3931.9975
2026-04-08 14:15,1,上证指数,3986.19,3990.7,3983.72,3985.07,23406669.0,4.878,3981.486,3971.051,3937.0810000000006
2026-04-08 14:30,1,上证指数,3985.02,3985.18,3980.69,3984.47,22154965.0,4.6171,3983.882,3974.386,3942.286
2026-04-08 14:45,1,上证指数,3984.47,3990.14,3984.47,3989.48,30101121.0,6.2731,3986.07,3977.1060000000007,3947.59
2026-04-08 15:00,1,上证指数,3989.37,3995.0,3988.92,3995.0,48995222.0,10.2107,3988.046,3980.753,3952.887
2026-04-09 09:45,1,上证指数,3967.63,3970.73,3962.6,3967.13,132984462.0,27.7133,3984.230000000001,3980.823,3956.9875
2026-04-09 10:00,1,上证指数,3967.2,3976.84,3961.77,3974.56,59284090.0,12.3545,3982.128,3981.807,3961.2765
2026-04-09 10:15,1,上证指数,3974.52,3974.95,3968.29,3970.88,44354333.0,9.2432,3979.41,3981.6460000000006,3965.5915
2026-04-09 10:30,1,上证指数,3971.35,3979.13,3969.93,3973.23,30805696.0,6.4198,3976.16,3981.115,3969.745
2026-04-09 10:45,1,上证指数,3973.2,3976.74,3969.74,3975.17,28068800.0,5.8494,3972.194,3980.12,3971.3905
2026-04-09 11:00,1,上证指数,3975.1,3977.17,3972.15,3972.15,21578468.0,4.4968,3973.198,3978.714,3973.126
2026-04-09 11:15,1,上证指数,3972.04,3973.84,3964.73,3965.74,21304224.0,4.4397,3971.434,3976.781,3973.916
2026-04-09 11:30,1,上证指数,3965.9,3969.06,3964.7,3965.7,16476349.0,3.4336,3970.398,3974.904,3974.645
2026-04-09 13:15,1,上证指数,3965.7,3966.33,3956.74,3956.78,31106590.0,6.4825,3967.108,3971.634,3974.37
2026-04-09 13:30,1,上证指数,3956.82,3962.67,3955.25,3962.31,21345941.0,4.4484,3964.536,3968.3649999999993,3974.559
2026-04-09 13:45,1,上证指数,3962.47,3967.81,3962.27,3967.59,18872557.0,3.9329,3963.624,3968.411,3974.617
2026-04-09 14:00,1,上证指数,3967.68,3968.97,3964.27,3965.59,15943613.0,3.3226,3963.594,3967.514,3974.6605
2026-04-09 14:15,1,上证指数,3965.66,3970.14,3964.78,3967.22,18296015.0,3.8128,3963.898,3967.148,3974.397
2026-04-09 14:30,1,上证指数,3967.26,3969.35,3964.62,3966.82,17347559.0,3.6151,3965.906,3966.507,3973.811
2026-04-09 14:45,1,上证指数,3966.91,3967.32,3962.33,3962.66,25450992.0,5.3039,3965.976,3965.256,3972.688000000001
2026-04-09 15:00,1,上证指数,3962.83,3967.31,3962.48,3966.17,38350112.0,7.992,3965.692,3964.658,3971.686
2026-04-10 09:45,1,上证指数,3985.46,3999.14,3979.81,3998.96,124330513.0,25.8798,3972.366,3967.98,3972.3805
2026-04-10 10:00,1,上证指数,3998.97,4007.03,3996.82,4006.65,60412051.0,12.575,3980.252,3972.075,3973.4895000000006
2026-04-10 10:15,1,上证指数,4006.4,4011.02,4001.73,4002.67,44717238.0,9.3081,3987.422,3976.664,3974.149
2026-04-10 10:30,1,上证指数,4003.03,4006.34,3999.69,4000.75,33865459.0,7.0492,3995.04,3980.508,3974.4365
2026-04-10 10:45,1,上证指数,4000.66,4003.57,3998.0,3998.22,31275029.0,6.51,4001.45,3983.571,3975.991
2026-04-10 11:00,1,上证指数,3997.88,4003.15,3995.96,3998.94,22928611.0,4.7727,4001.446,3986.906,3977.21
2026-04-10 11:15,1,上证指数,3998.95,3999.98,3992.15,3992.15,22531123.0,4.6899,3998.546,3989.399,3978.2735
2026-04-10 11:30,1,上证指数,3991.49,3996.73,3990.74,3991.14,18141018.0,3.7761,3996.24,3991.8310000000006,3979.169
2026-04-10 13:15,1,上证指数,3991.14,3996.13,3986.72,3989.09,28712517.0,5.9766,3993.908,3994.474,3979.865
2026-04-10 13:30,1,上证指数,3989.23,3992.51,3988.61,3989.15,19926660.0,4.1478,3992.094,3996.772,3980.715
2026-04-10 13:45,1,上证指数,3989.18,3994.11,3987.64,3993.28,18180257.0,3.7843,3990.962,3996.204,3982.092
2026-04-10 14:00,1,上证指数,3993.39,4000.3,3992.76,3998.68,17591067.0,3.6616,3992.268,3995.407,3983.741
2026-04-10 14:15,1,上证指数,3998.53,4000.9,3995.52,3995.71,18059539.0,3.7592,3993.182,3994.711,3985.6875
2026-04-10 14:30,1,上证指数,3995.63,3996.33,3990.1,3993.02,19761084.0,4.1133,3993.968,3993.938000000001,3987.223
2026-04-10 14:45,1,上证指数,3992.87,3994.61,3987.62,3987.73,24615738.0,5.1239,3993.684,3992.889,3988.230000000001
2026-04-10 15:00,1,上证指数,3987.66,3988.72,3985.1,3986.22,41367637.0,8.6108,3992.272,3991.617,3989.2615
2026-04-13 09:45,1,上证指数,3971.2,3976.26,3968.07,3972.14,130388002.0,27.1388,3986.964,3989.616,3989.5075
2026-04-13 10:00,1,上证指数,3971.98,3982.44,3966.2,3982.06,60363264.0,12.5639,3984.234,3988.708,3990.2695
2026-04-13 10:15,1,上证指数,3981.61,3982.98,3978.64,3982.5,40408739.0,8.4106,3982.13,3988.049,3991.2615
2026-04-13 10:30,1,上证指数,3982.27,3983.01,3975.94,3981.82,33777746.0,7.0305,3980.948,3987.316,3992.044
2026-04-13 10:45,1,上证指数,3981.73,3984.4,3980.66,3981.09,28369996.0,5.9049,3979.922,3986.097,3991.1505
2026-04-13 11:00,1,上证指数,3981.07,3981.28,3974.03,3977.24,23343710.0,4.8587,3980.942,3983.953,3989.68
2026-04-13 11:15,1,上证指数,3977.57,3979.82,3973.29,3974.71,18742076.0,3.901,3979.472,3981.853,3988.282
2026-04-13 11:30,1,上证指数,3974.91,3979.26,3973.82,3979.26,17863424.0,3.7181,3978.824000000001,3980.477,3987.2075
2026-04-13 13:15,1,上证指数,3979.26,3983.82,3974.94,3977.83,29621936.0,6.1655,3978.026,3979.487,3986.188
2026-04-13 13:30,1,上证指数,3977.5,3985.04,3977.37,3984.72,20908731.0,4.3519,3978.752,3979.337,3985.477
2026-04-13 13:45,1,上证指数,3984.54,3990.58,3983.78,3988.23,23282947.0,4.8461,3980.95,3980.946,3985.281
2026-04-13 14:00,1,上证指数,3988.53,3988.57,3985.37,3986.56,17935723.0,3.7331,3983.32,3981.396,3985.0520000000006
2026-04-13 14:15,1,上证指数,3986.99,3991.26,3985.99,3986.32,18947902.0,3.9438,3984.732,3981.778,3984.9135
2026-04-13 14:30,1,上证指数,3986.62,3987.65,3984.84,3987.65,17118063.0,3.5629,3986.696,3982.361,3984.8385
2026-04-13 14:45,1,上证指数,3987.66,3987.96,3981.66,3984.6,25396005.0,5.2859,3986.672,3982.712,3984.4045
2026-04-13 15:00,1,上证指数,3984.55,3988.94,3983.53,3988.56,39313504.0,8.1827,3986.738,3983.844,3983.8985
2026-04-14 09:45,1,上证指数,4006.73,4009.87,3999.55,4000.45,131252923.0,27.3188,3989.516,3986.418,3984.1355
2026-04-14 10:00,1,上证指数,4000.76,4011.24,4000.6,4005.64,59371019.0,12.3574,3993.38,3989.056,3984.7665
2026-04-14 10:15,1,上证指数,4005.89,4009.19,4000.05,4009.19,41438761.0,8.625,3997.688,3992.192,3985.8395
2026-04-14 10:30,1,上证指数,4009.14,4010.26,4007.06,4009.02,30518634.0,6.3521,4002.572,3994.622,3986.9795
2026-04-14 10:45,1,上证指数,4008.99,4010.0,4003.62,4007.76,28688965.0,5.9713,4006.412,3996.575,3988.7605
2026-04-14 11:00,1,上证指数,4008.12,4011.84,4004.08,4004.25,26349586.0,5.4844,4007.172,3998.344,3989.87
2026-04-14 11:15,1,上证指数,4004.12,4005.24,4001.41,4005.16,21962700.0,4.5713,4007.076,4000.228,3991.003
2026-04-14 11:30,1,上证指数,4004.87,4011.19,4003.99,4010.45,18045718.0,3.756,4007.328,4002.508,3992.4345
2026-04-14 13:15,1,上证指数,4010.45,4013.51,4004.35,4006.24,29851722.0,6.2133,4006.772,4004.672,3993.692
2026-04-14 13:30,1,上证指数,4005.87,4006.35,3995.74,4000.01,26258865.0,5.4655,4005.222,4005.817,3994.830499999999
2026-04-14 13:45,1,上证指数,4000.08,4000.91,3992.41,3999.37,23341642.0,4.8583,4004.246,4005.709,3996.0635
2026-04-14 14:00,1,上证指数,3999.11,3999.87,3994.84,3999.87,20638611.0,4.2957,4003.188000000001,4005.132,3997.094
2026-04-14 14:15,1,上证指数,3999.85,4005.8,3999.66,4004.04,19876160.0,4.137,4001.906,4004.617,3998.404500000001
2026-04-14 14:30,1,上证指数,4003.97,4007.93,4003.67,4006.28,18668000.0,3.8855,4001.914,4004.343,3999.482500000001
2026-04-14 14:45,1,上证指数,4005.94,4019.26,4005.94,4019.07,28616465.0,5.9562,4005.726,4005.474,4001.0245
2026-04-14 15:00,1,上证指数,4019.29,4026.63,4019.29,4026.63,45379232.0,9.4452,4011.178,4007.712,4003.028
2026-04-15 09:45,1,上证指数,4039.47,4042.56,4034.75,4042.5,132954019.0,27.6692,4019.704,4011.446,4005.837
2026-04-15 10:00,1,上证指数,4042.0,4047.22,4041.02,4046.53,64826468.0,13.4911,4028.202,4015.054,4008.781
2026-04-15 10:15,1,上证指数,4046.97,4050.62,4040.47,4042.95,44398096.0,9.2397,4035.536,4018.725,4011.6985
2026-04-15 10:30,1,上证指数,4042.77,4045.97,4041.22,4042.62,30995244.0,6.4504,4040.246,4022.986,4014.4015
2026-04-15 10:45,1,上证指数,4042.76,4044.09,4038.42,4042.78,28537662.0,5.939,4043.476,4027.327,4016.518
2026-04-15 11:00,1,上证指数,4042.61,4043.19,4036.59,4036.84,23472534.0,4.8849,4042.344,4031.024,4018.078
2026-04-15 11:15,1,上证指数,4036.85,4037.05,4031.27,4036.95,22526624.0,4.688,4040.428,4034.315,4019.466
2026-04-15 11:30,1,上证指数,4036.91,4041.9,4036.17,4041.45,17335392.0,3.6077,4040.128,4037.832,4021.0875
2026-04-15 13:15,1,上证指数,4041.45,4043.09,4038.11,4039.42,24598975.0,5.1193,4039.488,4039.8670000000006,4022.6704999999993
2026-04-15 13:30,1,上证指数,4039.27,4039.93,4033.14,4034.58,22715497.0,4.7273,4037.848,4040.662,4024.187
2026-04-15 13:45,1,上证指数,4034.65,4037.23,4031.56,4035.85,21263794.0,4.4252,4037.65,4039.997,4025.721500000001
2026-04-15 14:00,1,上证指数,4035.52,4037.79,4031.96,4036.97,18465244.0,3.8428,4037.654,4039.041,4027.0475000000006
2026-04-15 14:15,1,上证指数,4036.93,4038.2,4030.05,4031.07,20188399.0,4.2014,4035.578,4037.853,4028.289
2026-04-15 14:30,1,上证指数,4030.58,4032.23,4026.7,4029.78,24037980.0,5.0026,4033.65,4036.569,4029.7774999999992
2026-04-15 14:45,1,上证指数,4030.03,4031.75,4022.36,4022.78,31885291.0,6.6357,4031.29,4034.569,4030.948
2026-04-15 15:00,1,上证指数,4022.86,4028.66,4020.9,4027.21,41257370.0,8.5861,4029.562,4033.606,4032.315
2026-04-16 09:45,1,上证指数,4030.14,4043.69,4028.91,4039.51,116037648.0,24.1477,4030.07,4033.862,4034.0885
2026-04-16 10:00,1,上证指数,4039.01,4043.15,4035.43,4038.14,55334802.0,11.5153,4031.484,4033.531,4035.6815
2026-04-16 10:15,1,上证指数,4038.28,4046.33,4038.21,4044.87,38109834.0,7.9308,4034.502,4034.076,4036.971500000001
2026-04-16 10:30,1,上证指数,4045.32,4046.64,4043.08,4045.47,32792781.0,6.8243,4039.04,4035.165,4037.9135
2026-04-16 10:45,1,上证指数,4045.29,4048.46,4043.09,4043.71,26096001.0,5.4306,4042.34,4035.951,4037.974
2026-04-16 11:00,1,上证指数,4043.64,4047.6,4040.42,4044.65,25683031.0,5.3447,4043.368,4036.719,4037.88
2026-04-16 11:15,1,上证指数,4044.72,4052.17,4044.46,4048.33,23104874.0,4.8082,4045.406,4038.4450000000006,4038.149
2026-04-16 11:30,1,上证指数,4048.44,4050.48,4047.52,4048.64,18105425.0,3.7678,4046.16,4040.331,4038.45
2026-04-16 13:15,1,上证指数,4048.64,4050.04,4036.63,4038.41,32948013.0,6.8566,4044.748,4041.8939999999993,4038.2315
2026-04-16 13:30,1,上证指数,4037.94,4044.62,4037.75,4042.29,20877077.0,4.3446,4044.464,4043.402,4038.504
2026-04-16 13:45,1,上证指数,4042.1,4044.15,4038.0,4038.5,19551910.0,4.0688,4043.234,4043.301,4038.5815
2026-04-16 14:00,1,上证指数,4038.72,4047.02,4038.22,4046.69,20642415.0,4.2957,4042.906,4044.156,4038.8435
2026-04-16 14:15,1,上证指数,4046.8,4052.78,4044.88,4052.44,20758872.0,4.32,4043.666,4044.913000000001,4039.4945
2026-04-16 14:30,1,上证指数,4052.55,4053.21,4050.71,4051.34,21082136.0,4.3872,4046.252,4045.5,4040.3325
2026-04-16 14:45,1,上证指数,4051.84,4057.83,4051.84,4056.77,29379467.0,6.1139,4049.148,4046.806000000001,4041.3785
2026-04-16 15:00,1,上证指数,4057.0,4057.4,4055.55,4055.55,45372681.0,9.4422,4052.558,4047.896,4042.3075
2026-04-17 09:45,1,上证指数,4043.38,4049.01,4039.48,4048.96,121224514.0,25.2277,4053.012,4047.959,4043.202
2026-04-17 10:00,1,上证指数,4048.47,4049.44,4041.13,4042.59,62367574.0,12.9791,4051.042,4047.354,4043.8425
2026-04-17 10:15,1,上证指数,4042.72,4044.86,4038.43,4039.5,43559836.0,9.0651,4048.674,4047.4630000000006,4044.6785
2026-04-17 10:30,1,上证指数,4039.69,4048.09,4039.27,4046.96,34969229.0,7.2773,4046.712,4047.93,4045.666
2026-04-17 10:45,1,上证指数,4047.18,4050.36,4045.8,4048.35,25721233.0,5.3528,4045.272,4048.915,4046.108
2026-04-17 11:00,1,上证指数,4048.28,4052.54,4046.46,4048.15,24020136.0,4.9988,4045.1100000000006,4049.061,4046.6085000000007
2026-04-17 11:15,1,上证指数,4048.39,4048.7,4045.29,4047.91,19139034.0,3.983,4046.174,4048.608,4046.7605
2026-04-17 11:30,1,上证指数,4048.0,4049.36,4042.89,4043.45,18172920.0,3.7819,4046.964,4047.819,4046.6594999999993
2026-04-17 13:15,1,上证指数,4043.45,4044.75,4039.13,4043.12,27073680.0,5.6342,4046.196,4046.4539999999993,4046.63
2026-04-17 13:30,1,上证指数,4043.25,4049.87,4041.94,4047.94,20626429.0,4.2925,4046.114,4045.693,4046.7945
2026-04-17 13:45,1,上证指数,4047.98,4048.97,4045.8,4047.97,20308030.0,4.2262,4046.078,4045.594,4046.7765
2026-04-17 14:00,1,上证指数,4047.76,4058.6,4047.76,4053.72,24600209.0,5.1195,4047.24,4046.707,4047.0305
2026-04-17 14:15,1,上证指数,4053.85,4057.0,4051.43,4052.14,19939544.0,4.1496,4048.978,4047.971,4047.717
2026-04-17 14:30,1,上证指数,4051.97,4052.36,4048.17,4048.94,20111595.0,4.1854,4050.142,4048.169,4048.0495
2026-04-17 14:45,1,上证指数,4048.52,4052.3,4048.52,4049.82,25931369.0,5.3965,4050.518,4048.316,4048.6155
2026-04-17 15:00,1,上证指数,4049.57,4051.43,4048.6,4051.43,41026074.0,8.5378,4051.21,4048.644,4048.8525
2026-04-20 09:45,1,上证指数,4053.37,4064.0,4051.68,4063.54,131096674.0,27.2807,4053.174,4050.207,4049.4075
2026-04-20 10:00,1,上证指数,4062.91,4075.93,4062.59,4075.44,62109219.0,12.9247,4057.834,4053.406,4050.6125
2026-04-20 10:15,1,上证指数,4075.82,4075.82,4067.79,4070.5,48721058.0,10.1387,4062.146,4056.144,4051.299
2026-04-20 10:30,1,上证指数,4070.65,4079.92,4069.69,4077.82,36566575.0,7.6094,4067.746,4059.132,4052.4125
2026-04-20 10:45,1,上证指数,4078.31,4079.76,4075.57,4075.67,27550819.0,5.7332,4072.594,4061.902,4053.748
2026-04-20 11:00,1,上证指数,4075.55,4080.47,4074.05,4080.47,25846176.0,5.3785,4075.980000000001,4064.577,4055.642
2026-04-20 11:15,1,上证指数,4080.16,4082.77,4073.38,4073.48,25439212.0,5.2938,4075.5880000000006,4066.711,4057.341
2026-04-20 11:30,1,上证指数,4073.78,4078.49,4069.97,4078.39,21587813.0,4.4923,4077.166,4069.656,4058.9125
2026-04-20 13:15,1,上证指数,4078.39,4080.8,4076.39,4078.63,28632365.0,5.9583,4077.328,4072.537,4060.4265
2026-04-20 13:30,1,上证指数,4078.58,4081.75,4073.78,4075.38,23184230.0,4.8245,4077.27,4074.932,4061.788000000001
2026-04-20 13:45,1,上证指数,4074.99,4076.26,4067.62,4068.65,23623726.0,4.916,4074.906,4075.443,4062.825
2026-04-20 14:00,1,上证指数,4068.67,4073.54,4068.67,4072.26,23123604.0,4.8119,4074.662,4075.125,4064.2655
2026-04-20 14:15,1,上证指数,4071.93,4075.94,4071.63,4074.52,19652604.0,4.0896,4073.888,4075.527000000001,4065.8355
2026-04-20 14:30,1,上证指数,4074.84,4077.84,4074.55,4075.69,20808891.0,4.3302,4073.3,4075.314,4067.223
2026-04-20 14:45,1,上证指数,4075.47,4079.66,4074.43,4079.66,27238011.0,5.6681,4074.156,4075.7130000000006,4068.8075
2026-04-20 15:00,1,上证指数,4079.4,4083.19,4078.4,4082.13,44660402.0,9.2936,4076.852,4075.879,4070.228000000001
2026-04-21 09:45,1,上证指数,4075.85,4080.93,4062.13,4071.56,134160657.0,27.9172,4076.712,4075.687,4071.199000000001
2026-04-21 10:00,1,上证指数,4071.84,4073.6,4067.76,4073.37,63392739.0,13.1913,4076.482,4075.185,4072.4205
2026-04-21 10:15,1,上证指数,4073.92,4074.13,4067.36,4069.29,40448983.0,8.417,4075.202,4074.251,4073.394
2026-04-21 10:30,1,上证指数,4069.24,4070.19,4064.04,4068.27,39252023.0,8.1679,4072.924,4073.54,4074.236
2026-04-21 10:45,1,上证指数,4068.53,4075.44,4067.93,4073.49,30676535.0,6.3834,4071.196,4074.024,4074.7335
2026-04-21 11:00,1,上证指数,4073.43,4076.21,4072.16,4075.17,24591334.0,5.1172,4071.918,4074.315,4074.72
2026-04-21 11:15,1,上证指数,4075.42,4076.9,4070.61,4073.25,24284605.0,5.0533,4071.894,4074.188,4074.8575
2026-04-21 11:30,1,上证指数,4073.01,4073.27,4069.83,4072.39,22405147.0,4.6622,4072.514,4073.858,4074.586
2026-04-21 13:15,1,上证指数,4072.39,4080.55,4072.27,4080.17,30435189.0,6.3332,4074.894,4073.909,4074.811
2026-04-21 13:30,1,上证指数,4080.38,4083.94,4077.82,4079.59,20788910.0,4.3259,4076.114,4073.655,4074.767
2026-04-21 13:45,1,上证指数,4079.39,4086.21,4078.97,4085.96,19213865.0,3.9982,4078.272,4075.095,4075.391000000001
2026-04-21 14:00,1,上证指数,4085.81,4086.47,4078.92,4078.92,18960096.0,3.9454,4079.406,4075.65,4075.417500000001
2026-04-21 14:15,1,上证指数,4078.93,4079.93,4075.58,4075.8,20288053.0,4.2217,4080.0880000000006,4076.301,4075.276
2026-04-21 14:30,1,上证指数,4075.9,4081.45,4075.32,4081.17,20423428.0,4.2499,4080.288000000001,4077.591,4075.5655
2026-04-21 14:45,1,上证指数,4081.46,4085.5,4081.46,4083.93,26478844.0,5.5099,4081.156,4078.635,4076.3295
2026-04-21 15:00,1,上证指数,4083.99,4086.64,4083.99,4085.08,40889042.0,8.5085,4080.980000000001,4079.626,4076.9705
2026-04-22 09:45,1,上证指数,4074.81,4090.14,4074.68,4089.24,122866749.0,25.5645,4083.044,4081.225,4077.7065
2026-04-22 10:00,1,上证指数,4089.92,4091.36,4085.27,4085.97,60798279.0,12.6501,4085.078,4082.583,4078.2205
2026-04-22 10:15,1,上证指数,4086.29,4087.73,4080.88,4086.96,48846906.0,10.1634,4086.236,4083.262,4078.5855
2026-04-22 10:30,1,上证指数,4086.96,4091.21,4085.66,4090.4,32351047.0,6.7312,4087.53,4084.343,4078.999
2026-04-22 10:45,1,上证指数,4090.01,4091.18,4085.35,4086.59,30717186.0,6.3912,4087.832,4084.406,4079.7505
2026-04-22 11:00,1,上证指数,4086.48,4089.98,4085.66,4089.97,24388963.0,5.0745,4087.978,4085.511,4080.5805
2026-04-22 11:15,1,上证指数,4090.0,4096.03,4088.23,4090.68,24671120.0,5.1332,4088.92,4086.999,4081.65
2026-04-22 11:30,1,上证指数,4090.92,4095.84,4088.89,4095.07,19641362.0,4.0867,4090.542,4088.389,4082.99
2026-04-22 13:15,1,上证指数,4095.07,4096.44,4090.05,4093.7,31993671.0,6.6568,4091.202,4089.366,4084.0005
2026-04-22 13:30,1,上证指数,4093.97,4097.46,4092.32,4096.94,24842167.0,5.1688,4093.272,4090.552,4085.089
2026-04-22 13:45,1,上证指数,4097.16,4101.3,4096.24,4098.57,23930934.0,4.9792,4094.992,4091.485,4086.355000000001
2026-04-22 14:00,1,上证指数,4097.96,4098.68,4094.04,4096.24,22935628.0,4.7721,4096.103999999999,4092.512,4087.5475
2026-04-22 14:15,1,上证指数,4096.66,4098.52,4091.62,4091.85,22521316.0,4.6859,4095.46,4093.0009999999993,4088.1315
2026-04-22 14:30,1,上证指数,4091.61,4101.15,4091.61,4100.27,21685093.0,4.512,4096.773999999999,4093.988,4089.1655
2026-04-22 14:45,1,上证指数,4100.36,4103.26,4099.73,4102.86,27754475.0,5.7748,4097.9580000000005,4095.615,4090.0105
2026-04-22 15:00,1,上证指数,4102.93,4106.84,4102.6,4106.26,42521450.0,8.8473,4099.496,4097.244000000001,4091.3775
2026-04-23 09:45,1,上证指数,4110.79,4114.84,4101.5,4101.89,159552057.0,33.1958,4100.625999999999,4098.365,4092.682
2026-04-23 10:00,1,上证指数,4102.01,4103.82,4087.7,4097.21,88777658.0,18.4707,4101.698,4098.579,4093.484
2026-04-23 10:15,1,上证指数,4097.62,4102.73,4092.41,4094.86,50893690.0,10.5887,4100.616,4098.695000000001,4094.0305
2026-04-23 10:30,1,上证指数,4095.08,4109.21,4093.85,4102.01,38849040.0,8.0828,4100.446,4099.202,4094.877
2026-04-23 10:45,1,上证指数,4101.49,4103.42,4090.11,4090.83,34395788.0,7.1562,4097.360000000001,4098.428,4094.9565
2026-04-23 11:00,1,上证指数,4090.96,4094.6,4087.55,4091.82,30058523.0,6.2539,4095.346000000001,4097.986,4095.249
2026-04-23 11:15,1,上证指数,4091.55,4092.97,4081.0,4083.18,27077514.0,5.6336,4092.54,4097.119000000001,4095.06
2026-04-23 11:30,1,上证指数,4082.85,4082.85,4072.85,4073.71,26388662.0,5.4903,4088.31,4094.463,4094.2255
2026-04-23 13:15,1,上证指数,4073.71,4081.03,4070.46,4081.03,30973112.0,6.4441,4084.114,4092.28,4093.9475
2026-04-23 13:30,1,上证指数,4081.45,4085.76,4078.68,4084.36,23995130.0,4.9923,4082.82,4090.0899999999992,4093.667
2026-04-23 13:45,1,上证指数,4084.35,4091.99,4083.57,4091.99,27806393.0,5.7853,4082.854,4089.1,4093.732500000001
2026-04-23 14:00,1,上证指数,4091.74,4099.94,4090.74,4099.54,22021941.0,4.5818,4086.126,4089.333,4093.956
2026-04-23 14:15,1,上证指数,4099.48,4102.54,4086.73,4087.2,21055539.0,4.3807,4088.824000000001,4088.567,4093.631
2026-04-23 14:30,1,上证指数,4086.94,4090.01,4084.62,4084.62,21403323.0,4.4531,4089.542,4086.828,4093.015
2026-04-23 14:45,1,上证指数,4084.65,4095.76,4083.15,4095.41,27551669.0,5.7323,4091.752,4087.286,4092.857000000001
2026-04-23 15:00,1,上证指数,4095.4,4096.48,4091.96,4093.25,40366053.0,8.3984,4092.004,4087.429,4092.7075
2026-04-24 09:45,1,上证指数,4081.03,4084.26,4068.04,4068.94,142821857.0,29.7144,4085.884,4086.005,4091.562
2026-04-24 10:00,1,上证指数,4069.21,4071.75,4063.98,4071.74,70491897.0,14.666,4082.792,4085.808,4090.1355
2026-04-24 10:15,1,上证指数,4071.37,4072.12,4062.69,4071.84,47141886.0,9.808,4080.236,4084.889,4088.5845
2026-04-24 10:30,1,上证指数,4072.3,4075.39,4067.81,4067.91,31068316.0,6.4638,4074.736,4083.244,4086.667
2026-04-24 10:45,1,上证指数,4068.11,4075.28,4068.07,4074.72,32134355.0,6.6856,4071.03,4081.517,4085.3085
2026-04-24 11:00,1,上证指数,4074.86,4076.57,4069.86,4073.77,30364096.0,6.3173,4071.996,4078.94,4084.136500000001
2026-04-24 11:15,1,上证指数,4073.63,4074.94,4061.15,4061.56,25755713.0,5.3585,4069.96,4076.376,4082.471500000001
2026-04-24 11:30,1,上证指数,4061.17,4070.37,4061.17,4069.37,19627852.0,4.0836,4069.466,4074.851,4080.8395
2026-04-24 13:15,1,上证指数,4069.37,4079.31,4063.67,4066.39,29629226.0,6.1644,4069.162,4071.949,4079.6175
2026-04-24 13:30,1,上证指数,4067.05,4072.19,4062.64,4071.19,21368872.0,4.4458,4068.456,4069.743,4078.586
2026-04-24 13:45,1,上证指数,4071.19,4078.64,4069.71,4074.57,20846756.0,4.3372,4068.616,4070.306,4078.1555
2026-04-24 14:00,1,上证指数,4074.95,4076.18,4071.61,4075.26,18249378.0,3.7968,4071.356,4070.658,4078.233
2026-04-24 14:15,1,上证指数,4075.42,4089.73,4075.21,4087.81,23798069.0,4.9512,4075.044,4072.255,4078.572
2026-04-24 14:30,1,上证指数,4088.12,4092.61,4085.97,4088.07,23074777.0,4.8008,4079.38,4074.271,4078.7575000000006
2026-04-24 14:45,1,上证指数,4088.25,4091.8,4084.59,4085.61,27647552.0,5.7521,4082.264,4075.36,4078.4385
2026-04-24 15:00,1,上证指数,4084.98,4085.27,4079.63,4079.9,41011196.0,8.5325,4083.33,4075.973,4077.4565
2026-04-27 09:45,1,上证指数,4074.81,4083.91,4071.08,4076.77,146734653.0,30.5301,4083.632,4077.494,4076.935
2026-04-27 10:00,1,上证指数,4076.42,4086.2,4076.01,4083.46,65903107.0,13.712,4082.762,4078.903,4076.877
2026-04-27 10:15,1,上证指数,4083.1,4088.69,4082.84,4087.43,45226362.0,9.41,4082.634,4081.007,4076.478
2026-04-27 10:30,1,上证指数,4087.36,4091.23,4087.18,4088.12,35346876.0,7.3544,4083.136,4082.7,4076.2215
2026-04-27 10:45,1,上证指数,4088.41,4090.15,4084.65,4086.18,31190390.0,6.4896,4084.392,4083.861,4077.0835000000006
2026-04-27 11:00,1,上证指数,4086.03,4087.28,4082.04,4085.97,23825143.0,4.9571,4086.232,4084.932,4077.795
2026-04-27 11:15,1,上证指数,4086.19,4086.43,4080.86,4086.07,21829472.0,4.5419,4086.754,4084.758,4078.5065
2026-04-27 11:30,1,上证指数,4086.01,4088.53,4083.22,4085.88,19375976.0,4.0314,4086.444,4084.539,4079.405
2026-04-27 13:15,1,上证指数,4085.88,4089.26,4083.32,4085.64,27298338.0,5.6798,4085.948,4084.542,4079.951
2026-04-27 13:30,1,上证指数,4085.42,4092.65,4084.18,4092.08,21874213.0,4.5512,4087.128,4085.76,4080.8665
2026-04-27 13:45,1,上证指数,4092.07,4092.83,4081.8,4083.8,22864042.0,4.7572,4086.694,4086.4630000000006,4081.9785
2026-04-27 14:00,1,上证指数,4083.49,4086.57,4082.01,4082.91,18412519.0,3.831,4086.062,4086.408,4082.6555
2026-04-27 14:15,1,上证指数,4083.01,4085.16,4081.81,4083.0,21943846.0,4.5657,4085.486,4085.965,4083.486
2026-04-27 14:30,1,上证指数,4083.5,4084.96,4079.86,4083.42,20901074.0,4.3487,4085.042,4085.495,4084.0975
2026-04-27 14:45,1,上证指数,4082.92,4085.42,4081.56,4085.42,25817797.0,5.3717,4083.71,4085.419,4084.64
2026-04-27 15:00,1,上证指数,4085.45,4088.17,4084.58,4086.34,41407059.0,8.6153,4084.218,4085.456,4085.194
2026-04-28 09:45,1,上证指数,4076.14,4086.11,4075.24,4083.5,137873683.0,28.686,4084.336,4085.199,4084.9785
2026-04-28 10:00,1,上证指数,4083.76,4090.2,4082.7,4083.73,64811892.0,13.4848,4084.482,4084.984,4084.7615
2026-04-28 10:15,1,上证指数,4083.43,4083.43,4075.96,4082.31,53269930.0,11.0833,4084.26,4084.651,4084.5965
2026-04-28 10:30,1,上证指数,4081.92,4083.8,4078.73,4083.0,32424332.0,6.7462,4083.776,4083.743,4084.7515
2026-04-28 10:45,1,上证指数,4082.62,4083.79,4078.12,4081.18,28453056.0,5.9199,4082.744,4083.481,4084.972
2026-04-28 11:00,1,上证指数,4080.84,4082.89,4074.54,4076.5,22750725.0,4.7335,4081.344,4082.84,4084.6240000000007
2026-04-28 11:15,1,上证指数,4076.76,4079.0,4074.29,4077.8,21074545.0,4.3848,4080.158,4082.3200000000006,4084.1425
2026-04-28 11:30,1,上证指数,4077.92,4085.24,4076.52,4083.47,19007763.0,3.9548,4080.39,4082.325,4083.91
2026-04-28 13:15,1,上证指数,4083.47,4084.08,4075.29,4076.12,28830234.0,5.9984,4079.014,4081.395,4083.407
2026-04-28 13:30,1,上证指数,4075.62,4078.59,4073.29,4077.04,26987610.0,5.615,4078.186,4080.465,4082.9605
2026-04-28 13:45,1,上证指数,4077.13,4077.13,4066.2,4067.97,26956181.0,5.6085,4076.480000000001,4078.912,4082.0555
2026-04-28 14:00,1,上证指数,4067.81,4072.19,4062.87,4071.14,22725798.0,4.7283,4075.148,4077.653,4081.3185
2026-04-28 14:15,1,上证指数,4071.26,4079.51,4069.44,4079.14,24585157.0,5.1152,4074.282,4077.336,4080.9935
2026-04-28 14:30,1,上证指数,4078.84,4079.01,4066.6,4066.69,24194032.0,5.0338,4072.396,4075.705,4079.724
2026-04-28 14:45,1,上证指数,4066.9,4074.83,4066.1,4074.5,27463375.0,5.714,4071.888,4075.037,4079.259000000001
2026-04-28 15:00,1,上证指数,4074.79,4078.64,4073.56,4078.64,39099185.0,8.135,4074.022,4075.251,4079.0455
2026-04-29 09:45,1,上证指数,4061.82,4083.3,4061.82,4080.9,134587910.0,28.0016,4075.974,4075.5609999999992,4078.9405
2026-04-29 10:00,1,上证指数,4081.17,4087.21,4079.24,4079.25,62013915.0,12.9023,4075.996,4075.139,4078.732
2026-04-29 10:15,1,上证指数,4079.23,4085.53,4072.82,4085.04,54199211.0,11.2764,4079.666,4076.031,4078.7130000000006
2026-04-29 10:30,1,上证指数,4084.8,4086.21,4082.08,4084.56,34695109.0,7.2185,4081.678,4076.783,4078.624
2026-04-29 10:45,1,上证指数,4084.5,4084.78,4080.24,4082.88,31079645.0,6.4662,4082.526,4078.274,4078.593
2026-04-29 11:00,1,上证指数,4082.81,4088.19,4082.81,4084.58,24693176.0,5.1375,4083.262,4079.618,4078.6355
2026-04-29 11:15,1,上证指数,4084.3,4093.43,4083.58,4093.1,22991643.0,4.7835,4086.032,4081.014,4079.175
2026-04-29 11:30,1,上证指数,4092.89,4096.43,4091.81,4094.8,21956082.0,4.5681,4087.984,4083.825,4079.765
2026-04-29 13:15,1,上证指数,4094.8,4099.86,4094.8,4099.15,30253333.0,6.2943,4090.902,4086.29,4080.6635
2026-04-29 13:30,1,上证指数,4098.87,4101.61,4094.1,4101.14,26037477.0,5.4172,4094.554,4088.54,4081.8955
2026-04-29 13:45,1,上证指数,4100.98,4102.76,4096.37,4102.75,24015908.0,4.9966,4098.188,4090.725,4083.143
2026-04-29 14:00,1,上证指数,4102.86,4104.01,4100.98,4102.0,22271960.0,4.6338,4099.968,4093.0,4084.0695
2026-04-29 14:15,1,上证指数,4102.0,4106.49,4101.28,4105.88,23201118.0,4.8271,4102.183999999999,4095.084,4085.5575
2026-04-29 14:30,1,上证指数,4106.34,4112.15,4105.03,4109.28,25400990.0,5.2848,4104.21,4097.556,4087.1695
2026-04-29 14:45,1,上证指数,4109.34,4110.08,4105.19,4106.59,30532050.0,6.3523,4105.3,4099.927,4089.1005
2026-04-29 15:00,1,上证指数,4106.96,4107.93,4105.6,4107.51,46291924.0,9.6312,4106.252,4102.219999999999,4090.919
2026-04-30 09:45,1,上证指数,4107.3,4115.59,4104.57,4115.59,162195835.0,33.7543,4108.969999999999,4104.469,4092.7415
2026-04-30 10:00,1,上证指数,4115.69,4117.43,4110.28,4115.3,78341133.0,16.3034,4110.854000000001,4106.518999999999,4095.172
2026-04-30 10:15,1,上证指数,4115.13,4115.13,4108.35,4109.85,52370655.0,10.8988,4110.968,4107.589,4096.9395
2026-04-30 10:30,1,上证指数,4109.85,4112.28,4104.11,4108.91,40258027.0,8.378,4111.432,4108.366,4098.453
2026-04-30 10:45,1,上证指数,4108.92,4110.16,4104.59,4106.86,34315920.0,7.1414,4111.302000000001,4108.777,4099.751
2026-04-30 11:00,1,上证指数,4106.91,4106.91,4101.26,4104.18,27068769.0,5.6332,4109.02,4108.995000000001,4100.9975
2026-04-30 11:15,1,上证指数,4104.2,4108.64,4103.0,4106.58,24184055.0,5.0329,4107.276,4109.0650000000005,4102.0745
2026-04-30 11:30,1,上证指数,4107.0,4111.91,4105.75,4111.02,21047536.0,4.3802,4107.51,4109.239,4103.3975
2026-04-30 13:15,1,上证指数,4111.02,4111.3,4104.55,4106.21,34584393.0,7.1973,4106.969999999999,4109.201,4104.564
2026-04-30 13:30,1,上证指数,4106.14,4107.29,4101.14,4101.89,24542331.0,5.1075,4105.976000000001,4108.639,4105.4295
2026-04-30 13:45,1,上证指数,4101.28,4112.34,4100.97,4112.28,22171862.0,4.6141,4107.596,4108.308,4106.3885
2026-04-30 14:00,1,上证指数,4112.04,4113.82,4109.16,4112.89,21143714.0,4.4002,4108.858,4108.067000000001,4107.293
2026-04-30 14:15,1,上证指数,4113.19,4116.54,4111.88,4114.38,21298133.0,4.4323,4109.530000000001,4108.52,4108.0545
2026-04-30 14:30,1,上证指数,4114.56,4114.56,4111.41,4113.5,21175654.0,4.4068,4110.988,4108.979,4108.672500000001
2026-04-30 14:45,1,上证指数,4113.31,4118.76,4113.31,4114.43,27981019.0,5.8231,4113.496,4109.736,4109.2565
2026-04-30 15:00,1,上证指数,4114.8,4115.33,4112.16,4112.16,44233692.0,9.2054,4113.472,4110.534,4109.7645
2026-05-06 09:45,1,上证指数,4135.45,4142.26,4129.91,4140.55,157659944.0,32.8002,4119.004,4113.931,4111.4980000000005
2026-05-06 10:00,1,上证指数,4140.66,4154.57,4140.31,4152.53,74983742.0,15.5999,4126.634,4118.082,4113.6605
2026-05-06 10:15,1,上证指数,4153.03,4159.76,4151.54,4159.76,56712694.0,11.7987,4135.886,4123.437,4116.319
2026-05-06 10:30,1,上证指数,4159.6,4161.89,4155.52,4157.56,43619604.0,9.0748,4144.512000000001,4129.004,4118.8215
2026-05-06 10:45,1,上证指数,4157.9,4160.19,4153.02,4155.44,36501357.0,7.5939,4153.168,4133.32,4120.814
2026-05-06 11:00,1,上证指数,4155.2,4158.68,4151.53,4153.05,31050162.0,6.4598,4155.668,4137.336,4122.7015
2026-05-06 11:15,1,上证指数,4153.3,4161.07,4153.3,4160.81,28066381.0,5.839,4157.324,4141.979,4125.2495
2026-05-06 11:30,1,上证指数,4160.79,4165.06,4160.79,4164.42,22600488.0,4.7019,4158.255999999999,4147.071,4128.025
2026-05-06 13:15,1,上证指数,4164.42,4166.15,4161.97,4161.97,36158832.0,7.5226,4159.138,4151.825,4130.7805
2026-05-06 13:30,1,上证指数,4162.33,4163.44,4160.17,4161.55,27525314.0,5.7265,4160.360000000001,4156.764,4133.649
2026-05-06 13:45,1,上证指数,4161.71,4163.38,4157.98,4161.81,25395003.0,5.2833,4162.112,4158.89,4136.4105
2026-05-06 14:00,1,上证指数,4161.7,4164.74,4160.37,4161.08,25828921.0,5.3735,4162.166,4159.745000000001,4138.913500000001
2026-05-06 14:15,1,上证指数,4160.94,4161.05,4143.56,4148.51,35064851.0,7.295,4158.984,4158.620000000001,4141.028499999999
2026-05-06 14:30,1,上证指数,4148.42,4157.73,4148.42,4157.32,25193391.0,5.2413,4158.054,4158.5960000000005,4143.8
2026-05-06 14:45,1,上证指数,4157.35,4159.69,4154.16,4158.93,30209107.0,6.2848,4157.530000000001,4158.945000000001,4146.1325
2026-05-06 15:00,1,上证指数,4158.73,4160.48,4157.64,4160.17,44607689.0,9.2804,4157.202,4159.657,4148.496499999999
2026-05-07 09:45,1,上证指数,4168.45,4170.5,4163.98,4165.97,151037525.0,31.4219,4158.18,4160.173000000001,4151.075999999999
2026-05-07 10:00,1,上证指数,4165.52,4171.22,4164.27,4165.3,79262503.0,16.4898,4161.5380000000005,4160.261,4153.665999999999
2026-05-07 10:15,1,上证指数,4165.45,4172.27,4164.0,4164.71,53966242.0,11.2271,4163.0160000000005,4160.535000000001,4156.18
2026-05-07 10:30,1,上证指数,4164.53,4167.61,4163.14,4167.22,53800329.0,11.1926,4164.674000000001,4161.102,4158.933
2026-05-07 10:45,1,上证指数,4166.63,4170.8,4165.56,4166.38,34042189.0,7.0821,4165.916,4161.559,4160.224499999999
2026-05-07 11:00,1,上证指数,4165.97,4171.59,4165.89,4166.7,28563411.0,5.9423,4166.062,4162.121,4160.933
2026-05-07 11:15,1,上证指数,4166.88,4169.11,4164.12,4167.21,24264338.0,5.048,4166.444,4163.991,4161.3055
2026-05-07 11:30,1,上证指数,4167.24,4171.98,4167.24,4170.75,20392953.0,4.2426,4167.652,4165.334,4161.965
2026-05-07 13:15,1,上证指数,4170.75,4172.0,4165.58,4170.86,36142355.0,7.5191,4168.379999999999,4166.527,4162.736
2026-05-07 13:30,1,上证指数,4170.76,4171.98,4167.29,4168.78,28516439.0,5.9326,4168.859999999999,4167.388,4163.5225
2026-05-07 13:45,1,上证指数,4168.86,4172.7,4168.48,4172.58,23885342.0,4.9691,4170.036,4168.049,4164.111
2026-05-07 14:00,1,上证指数,4172.45,4178.3,4172.45,4173.64,27011389.0,5.6195,4171.322,4168.883,4164.572
2026-05-07 14:15,1,上证指数,4173.66,4177.2,4173.27,4174.71,22805157.0,4.7444,4172.114,4169.883,4165.209000000001
2026-05-07 14:30,1,上证指数,4175.69,4177.08,4174.22,4175.92,23097225.0,4.8052,4173.126,4170.753,4165.9275
2026-05-07 14:45,1,上证指数,4176.49,4179.38,4175.27,4177.69,31633705.0,6.5811,4174.907999999999,4171.884,4166.721500000001
2026-05-07 15:00,1,上证指数,4177.87,4180.21,4177.15,4180.09,47153147.0,9.8097,4176.41,4173.223,4167.6720000000005
2026-05-08 09:45,1,上证指数,4163.85,4175.93,4161.79,4174.73,153853509.0,32.0058,4176.628,4173.975,4168.983
2026-05-08 10:00,1,上证指数,4174.45,4176.44,4170.14,4175.62,75604622.0,15.7279,4176.81,4174.462,4169.897999999999
2026-05-08 10:15,1,上证指数,4175.93,4175.93,4167.63,4167.63,61564533.0,12.8072,4175.152,4174.139,4170.3330000000005
2026-05-08 10:30,1,上证指数,4167.68,4170.83,4164.76,4165.81,46225792.0,9.6163,4172.776,4173.842,4170.615
2026-05-08 10:45,1,上证指数,4165.98,4171.11,4163.81,4168.09,34985891.0,7.278,4170.376,4173.393,4170.7210000000005
2026-05-08 11:00,1,上证指数,4168.19,4168.69,4161.45,4162.57,31145560.0,6.4792,4167.944,4172.286,4170.5845
2026-05-08 11:15,1,上证指数,4162.08,4162.65,4154.25,4162.56,30923867.0,6.433,4165.332,4171.071,4170.477
2026-05-08 11:30,1,上证指数,4162.77,4163.05,4157.05,4162.27,19459252.0,4.0481,4164.26,4169.706,4170.2295
2026-05-08 13:15,1,上证指数,4162.27,4173.95,4162.27,4172.29,33994641.0,7.0718,4165.556,4169.166,4170.525
2026-05-08 13:30,1,上证指数,4172.14,4177.82,4171.29,4177.81,25772479.0,5.3614,4167.5,4168.938,4171.0805
2026-05-08 13:45,1,上证指数,4177.73,4178.72,4175.19,4176.89,24803093.0,5.1597,4170.364,4169.154,4171.5645
2026-05-08 14:00,1,上证指数,4177.02,4183.06,4176.7,4180.8,29162076.0,6.0665,4174.012000000001,4169.6720000000005,4172.067
2026-05-08 14:15,1,上证指数,4180.83,4182.05,4175.78,4178.04,27993247.0,5.8234,4177.166,4170.713000000001,4172.426
2026-05-08 14:30,1,上证指数,4178.13,4179.52,4174.49,4176.72,24617710.0,5.1212,4178.052,4171.804000000001,4172.823
2026-05-08 14:45,1,上证指数,4176.92,4179.15,4175.54,4175.73,30833319.0,6.4142,4177.636,4172.568,4172.9805
2026-05-08 15:00,1,上证指数,4175.88,4179.98,4175.5,4179.95,46079503.0,9.5858,4178.2480000000005,4174.306,4173.296
2026-05-11 09:45,1,上证指数,4201.35,4203.42,4186.08,4190.32,173606775.0,36.101,4180.152,4177.082,4174.0765
2026-05-11 10:00,1,上证指数,4190.46,4203.47,4189.41,4203.39,91689477.0,19.0665,4185.222,4181.194,4175.45
2026-05-11 10:15,1,上证指数,4203.17,4211.19,4202.24,4210.53,58672339.0,12.2007,4191.984,4185.018,4177.092
2026-05-11 10:30,1,上证指数,4210.52,4211.71,4203.94,4208.89,45677193.0,9.4984,4198.616,4188.126,4178.532
2026-05-11 10:45,1,上证指数,4208.77,4210.99,4206.66,4208.97,36260349.0,7.5402,4204.42,4191.334000000001,4180.244000000001
2026-05-11 11:00,1,上证指数,4208.73,4213.23,4207.6,4212.91,30252200.0,6.2908,4208.938,4194.545,4182.1085
2026-05-11 11:15,1,上证指数,4213.23,4218.67,4209.86,4218.35,26016868.0,5.4101,4211.93,4198.575999999999,4184.6445
2026-05-11 11:30,1,上证指数,4218.28,4220.25,4216.17,4219.13,23192845.0,4.8229,4213.650000000001,4202.817,4187.3105000000005
2026-05-11 13:15,1,上证指数,4219.13,4220.12,4202.7,4207.01,44779388.0,9.3117,4213.273999999999,4205.945000000001,4189.2565
2026-05-11 13:30,1,上证指数,4207.02,4209.22,4202.3,4207.3,32884878.0,6.8383,4212.9400000000005,4208.679999999999,4191.493
2026-05-11 13:45,1,上证指数,4207.77,4215.77,4206.05,4212.12,31922724.0,6.6382,4212.782,4210.86,4193.971
2026-05-11 14:00,1,上证指数,4212.05,4217.56,4211.55,4215.93,27986551.0,5.8197,4212.298000000001,4212.114,4196.654
2026-05-11 14:15,1,上证指数,4215.79,4228.39,4215.77,4227.06,30667226.0,6.3771,4213.884,4213.767,4199.3925
2026-05-11 14:30,1,上证指数,4226.99,4229.58,4221.82,4223.79,27812704.0,5.7836,4217.24,4215.257,4201.6915
2026-05-11 14:45,1,上证指数,4223.97,4225.3,4218.88,4220.26,31999228.0,6.6541,4219.832,4216.386,4203.86
2026-05-11 15:00,1,上证指数,4220.24,4226.9,4219.47,4225.02,49315542.0,10.255,4222.412,4217.597,4206.071000000001
2026-05-12 09:45,1,上证指数,4229.28,4230.11,4210.4,4217.68,167727756.0,34.8784,4222.762000000001,4217.53,4208.053
2026-05-12 10:00,1,上证指数,4217.84,4222.63,4217.66,4220.6,79045507.0,16.4372,4221.469999999999,4217.677000000001,4210.247
2026-05-12 10:15,1,上证指数,4220.97,4221.61,4214.93,4217.65,62725891.0,13.0436,4220.242,4218.741,4212.343
2026-05-12 10:30,1,上证指数,4217.82,4221.14,4216.19,4217.89,45895854.0,9.5439,4219.768,4219.8,4214.24
2026-05-12 10:45,1,上证指数,4217.65,4229.0,4216.87,4227.76,41103535.0,8.5473,4220.316000000001,4221.364,4216.112
2026-05-12 11:00,1,上证指数,4227.89,4230.18,4222.37,4223.64,30784282.0,6.4015,4221.508,4222.135,4217.1245
2026-05-12 11:15,1,上证指数,4223.29,4225.6,4217.61,4219.96,28609257.0,5.9492,4221.38,4221.425,4217.596
2026-05-12 11:30,1,上证指数,4219.9,4221.24,4203.69,4208.0,33478320.0,6.9617,4219.45,4219.8460000000005,4217.5515
2026-05-12 13:15,1,上证指数,4208.0,4209.0,4199.34,4208.88,38771314.0,8.0624,4217.648,4218.7080000000005,4217.5470000000005
2026-05-12 13:30,1,上证指数,4208.66,4215.76,4207.11,4214.44,24860744.0,5.1697,4214.984,4217.65,4217.6235
2026-05-12 13:45,1,上证指数,4214.73,4215.29,4206.0,4206.07,24891424.0,5.1761,4211.469999999999,4216.489,4217.0095
2026-05-12 14:00,1,上证指数,4206.13,4209.4,4203.53,4209.35,22886083.0,4.7591,4209.348,4215.364,4216.5205000000005
2026-05-12 14:15,1,上证指数,4209.03,4211.31,4204.46,4206.71,22800326.0,4.7412,4209.09,4214.27,4216.5055
2026-05-12 14:30,1,上证指数,4206.62,4211.86,4205.85,4207.1,22714636.0,4.7234,4208.734,4213.191,4216.4955
2026-05-12 14:45,1,上证指数,4207.34,4215.66,4207.3,4215.35,27965963.0,5.8154,4208.916,4211.95,4216.657000000001
2026-05-12 15:00,1,上证指数,4215.74,4216.06,4213.46,4214.49,44723110.0,9.3,4210.6,4211.035000000001,4216.585
2026-05-13 09:45,1,上证指数,4192.31,4214.28,4192.31,4212.23,141672370.0,29.4602,4211.176,4210.262,4215.843500000001
2026-05-13 10:00,1,上证指数,4212.02,4213.51,4205.46,4207.77,80888086.0,16.8204,4211.388,4210.239,4215.0425
2026-05-13 10:15,1,上证指数,4207.0,4212.28,4202.9,4211.36,56718236.0,11.7943,4212.24,4210.486999999999,4214.5975
2026-05-13 10:30,1,上证指数,4211.01,4216.79,4210.74,4216.79,44456331.0,9.2445,4212.528,4210.722,4214.186
2026-05-13 10:45,1,上证指数,4216.99,4218.56,4212.01,4213.51,37588503.0,7.8164,4212.332,4211.465999999999,4213.9775
2026-05-13 11:00,1,上证指数,4213.76,4216.04,4209.95,4209.95,29218962.0,6.076,4211.876,4211.526,4213.445
2026-05-13 11:15,1,上证指数,4210.08,4214.48,4207.62,4213.63,28123696.0,5.8482,4213.048000000001,4212.218,4213.244000000001
2026-05-13 11:30,1,上证指数,4214.2,4222.13,4214.09,4218.22,26711898.0,5.5546,4214.42,4213.33,4213.2605
2026-05-13 13:15,1,上证指数,4218.22,4227.81,4218.22,4227.26,42876382.0,8.916,4216.514,4214.521000000001,4213.2355
2026-05-13 13:30,1,上证指数,4227.43,4231.04,4224.57,4228.94,31039779.0,6.4546,4219.6,4215.965999999999,4213.5005
2026-05-13 13:45,1,上证指数,4229.42,4233.43,4226.97,4231.73,28589405.0,5.9451,4223.956,4217.916,4214.089
2026-05-13 14:00,1,上证指数,4231.77,4233.41,4227.61,4233.41,26570331.0,5.5252,4227.911999999999,4220.48,4215.3595000000005
2026-05-13 14:15,1,上证指数,4233.77,4236.78,4231.55,4234.54,25645638.0,5.3329,4231.176,4222.798000000001,4216.6425
2026-05-13 14:30,1,上证指数,4234.46,4240.83,4234.12,4239.22,24425119.0,5.0791,4233.568,4225.041,4217.8815
2026-05-13 14:45,1,上证指数,4239.29,4245.07,4239.29,4243.82,33674493.0,7.0025,4236.544,4228.072,4219.769
2026-05-13 15:00,1,上证指数,4243.58,4244.17,4240.56,4242.57,46819510.0,9.7359,4238.712,4231.334000000001,4221.429999999999
2026-05-14 09:45,1,上证指数,4256.16,4258.86,4229.65,4233.6,173316112.0,36.0401,4238.75,4233.331,4222.7745
2026-05-14 10:00,1,上证指数,4233.82,4235.0,4215.11,4220.56,93046339.0,19.3485,4235.954,4233.565,4223.4475
2026-05-14 10:15,1,上证指数,4220.11,4223.63,4212.39,4217.77,60276929.0,12.5343,4231.664,4232.616,4223.568499999999
2026-05-14 10:30,1,上证指数,4217.47,4221.07,4212.02,4214.34,48189910.0,10.0208,4225.768,4231.156,4223.561
2026-05-14 10:45,1,上证指数,4213.63,4220.32,4200.59,4204.77,47675991.0,9.914,4218.2080000000005,4228.46,4223.188
2026-05-14 11:00,1,上证指数,4204.73,4214.94,4203.96,4208.31,31478657.0,6.5458,4213.150000000001,4225.95,4223.215
2026-05-14 11:15,1,上证指数,4208.48,4208.48,4187.65,4188.51,35137599.0,7.3067,4206.74,4221.347,4222.0725
2026-05-14 11:30,1,上证指数,4189.07,4199.19,4184.04,4199.19,26788197.0,5.5705,4203.024,4217.344,4221.192499999999
2026-05-14 13:15,1,上证指数,4199.19,4210.23,4192.37,4209.3,33814814.0,7.0316,4202.0160000000005,4213.892,4220.982
2026-05-14 13:30,1,上证指数,4209.22,4216.35,4207.29,4215.63,25984179.0,5.4033,4204.188,4211.198,4221.2660000000005
2026-05-14 13:45,1,上证指数,4216.18,4216.19,4200.92,4204.91,28237194.0,5.8718,4203.508,4208.329,4220.83
2026-05-14 14:00,1,上证指数,4204.93,4212.11,4204.93,4206.2,21321019.0,4.4336,4207.046,4206.893,4220.229
2026-05-14 14:15,1,上证指数,4206.75,4217.91,4205.49,4217.91,21973386.0,4.5692,4210.79,4206.907,4219.7615000000005
2026-05-14 14:30,1,上证指数,4217.63,4221.03,4210.52,4211.61,24254189.0,5.0435,4211.252,4206.634,4218.895
2026-05-14 14:45,1,上证指数,4211.84,4213.44,4198.32,4198.74,32819789.0,6.8247,4207.873999999999,4206.031,4217.2455
2026-05-14 15:00,1,上证指数,4198.88,4199.12,4177.92,4177.92,59920700.0,12.4602,4202.476000000001,4202.992,4214.471
2026-05-15 09:45,1,上证指数,4174.18,4179.45,4153.79,4153.79,156852009.0,32.6162,4191.994000000001,4199.52,4210.433500000001
2026-05-15 10:00,1,上证指数,4153.64,4153.64,4136.56,4139.76,82829317.0,17.2237,4176.364,4193.576999999999,4205.4605
2026-05-15 10:15,1,上证指数,4139.38,4149.42,4129.82,4149.42,56318720.0,11.711,4163.926,4187.589,4200.7405
2026-05-15 10:30,1,上证指数,4149.16,4156.27,4149.03,4152.71,38189415.0,7.9412,4154.719999999999,4181.2970000000005,4196.2475
2026-05-15 10:45,1,上证指数,4152.33,4161.15,4148.95,4160.68,35124939.0,7.304,4151.272,4176.874000000001,4192.6015
2026-05-15 11:00,1,上证指数,4160.16,4176.09,4160.16,4172.91,33186015.0,6.9008,4155.096,4173.545,4190.219
2026-05-15 11:15,1,上证指数,4173.42,4191.81,4172.93,4187.98,36289083.0,7.546,4164.74,4170.552000000001,4188.7295
2026-05-15 11:30,1,上证指数,4188.09,4191.34,4176.05,4183.06,29131452.0,6.0577,4171.468,4167.697,4187.1655
2026-05-15 13:15,1,上证指数,4183.06,4183.63,4159.12,4164.58,40761550.0,8.4761,4173.842,4164.281000000001,4185.156
2026-05-15 13:30,1,上证指数,4164.85,4167.55,4161.66,4164.66,24691841.0,5.1345,4174.638,4162.955,4182.9735
2026-05-15 13:45,1,上证指数,4164.68,4164.68,4139.46,4139.46,33757989.0,7.0197,4167.947999999999,4161.522,4180.521
2026-05-15 14:00,1,上证指数,4139.43,4140.73,4127.66,4127.66,30975047.0,6.441,4155.884,4160.312,4176.9445
2026-05-15 14:15,1,上证指数,4127.4,4132.2,4117.01,4128.61,33990228.0,7.068,4144.994,4158.231000000001,4172.91
2026-05-15 14:30,1,上证指数,4128.92,4136.04,4120.85,4121.36,23147438.0,4.8133,4136.35,4155.0960000000005,4168.1965
2026-05-15 14:45,1,上证指数,4120.97,4132.76,4114.09,4132.7,35849958.0,7.4547,4129.9580000000005,4152.298,4164.585999999999
2026-05-15 15:00,1,上证指数,4133.16,4141.34,4132.47,4135.39,42067356.0,8.7476,4129.144,4148.546,4161.0455
2026-05-18 09:45,1,上证指数,4120.14,4131.35,4110.83,4128.86,146006500.0,30.3573,4129.384,4142.634,4156.592999999999
2026-05-18 10:00,1,上证指数,4129.22,4141.37,4123.51,4139.51,66150436.0,13.7538,4131.564,4138.279,4152.988
2026-05-18 10:15,1,上证指数,4139.41,4145.66,4132.36,4142.39,54883327.0,11.4112,4135.77,4136.06,4150.1705
2026-05-18 10:30,1,上证指数,4141.31,4141.31,4133.24,4136.58,36660749.0,7.6224,4136.546,4133.252,4148.1035
2026-05-18 10:45,1,上证指数,4137.13,4142.17,4136.17,4137.49,31338098.0,6.5157,4136.966,4133.055,4147.2885
2026-05-18 11:00,1,上证指数,4137.95,4140.65,4125.02,4125.32,29114716.0,6.0535,4136.258,4132.821,4146.5665
2026-05-18 11:15,1,上证指数,4125.48,4132.61,4121.77,4121.92,24462101.0,5.0861,4132.74,4132.152,4145.1915
2026-05-18 11:30,1,上证指数,4122.11,4126.35,4119.4,4126.35,21134638.0,4.3943,4129.531999999999,4132.651,4143.8735
2026-05-18 13:15,1,上证指数,4126.35,4136.22,4126.35,4129.08,29518733.0,6.1375,4128.032,4132.289,4142.2935
2026-05-18 13:30,1,上证指数,4129.57,4131.93,4126.78,4130.94,23165791.0,4.8166,4126.722,4131.844,4140.195
2026-05-18 13:45,1,上证指数,4131.33,4138.5,4130.27,4133.56,22024917.0,4.5794,4128.370000000001,4132.314,4137.474
2026-05-18 14:00,1,上证指数,4133.72,4133.72,4119.73,4120.08,24415872.0,5.0765,4128.002,4130.371,4134.325
2026-05-18 14:15,1,上证指数,4120.07,4120.07,4108.6,4116.01,31277249.0,6.5031,4125.934,4127.733,4131.896500000001
2026-05-18 14:30,1,上证指数,4116.42,4121.37,4114.83,4115.39,20074686.0,4.1739,4123.196,4125.614,4129.433
2026-05-18 14:45,1,上证指数,4115.08,4120.18,4112.87,4116.31,26786297.0,5.5693,4120.27,4123.496,4128.2755
2026-05-18 15:00,1,上证指数,4116.8,4132.25,4116.8,4131.53,40219027.0,8.3622,4119.864,4124.117,4128.469
2026-05-19 09:45,1,上证指数,4122.96,4142.4,4113.23,4136.75,126439943.0,26.2888,4123.197999999999,4125.6,4128.876
2026-05-19 10:00,1,上证指数,4136.69,4140.06,4122.06,4124.81,70398081.0,14.6368,4124.9580000000005,4125.446000000001,4129.0485
2026-05-19 10:15,1,上证指数,4124.62,4124.62,4108.29,4108.29,58680092.0,12.2005,4123.5380000000005,4123.367,4127.828
2026-05-19 10:30,1,上证指数,4107.99,4121.7,4107.99,4110.29,37957517.0,7.8919,4122.334,4121.302,4126.573
2026-05-19 10:45,1,上证指数,4110.49,4125.56,4109.99,4125.1,29908512.0,6.2184,4121.048000000001,4120.456,4126.385
2026-05-19 11:00,1,上证指数,4125.4,4125.4,4114.17,4118.41,23366158.0,4.8582,4117.38,4120.289,4125.33
2026-05-19 11:15,1,上证指数,4118.78,4129.22,4118.06,4128.88,21956634.0,4.5651,4118.194,4121.576,4124.6545
2026-05-19 11:30,1,上证指数,4128.33,4134.37,4124.46,4132.46,21922565.0,4.558,4123.028,4123.283,4124.4485
2026-05-19 13:15,1,上证指数,4132.46,4139.7,4122.46,4139.08,35185326.0,7.3156,4128.786,4125.56,4124.528
2026-05-19 13:30,1,上证指数,4139.27,4139.41,4132.75,4136.72,23823291.0,4.9532,4131.11,4126.079,4125.098
2026-05-19 13:45,1,上证指数,4136.57,4143.31,4134.86,4139.73,21344859.0,4.4379,4135.374,4126.377,4125.9885
2026-05-19 14:00,1,上证指数,4139.92,4148.68,4137.13,4147.49,22454990.0,4.6687,4139.096,4128.645,4127.045499999999
2026-05-19 14:15,1,上证指数,4147.45,4152.33,4142.58,4148.18,23117637.0,4.8065,4142.24,4132.634,4128.0005
2026-05-19 14:30,1,上证指数,4148.26,4158.11,4148.13,4156.43,24479275.0,5.0896,4145.710000000001,4137.2480000000005,4129.275
2026-05-19 14:45,1,上证指数,4156.65,4166.54,4155.75,4166.48,31334022.0,6.5148,4151.662,4141.386,4130.921
2026-05-19 15:00,1,上证指数,4166.63,4170.29,4166.63,4169.54,45242165.0,9.4065,4157.624000000001,4146.499,4133.394
2026-05-20 09:45,1,上证指数,4152.7,4156.81,4144.79,4147.75,153722873.0,31.9589,4157.676,4148.386,4134.981
2026-05-20 10:00,1,上证指数,4148.01,4162.88,4146.98,4158.05,71168511.0,14.7959,4159.65,4150.945,4137.114
2026-05-20 10:15,1,上证指数,4157.66,4157.66,4143.88,4147.27,51771518.0,10.7633,4157.818,4151.764,4138.662
2026-05-20 10:30,1,上证指数,4147.07,4153.41,4145.81,4152.4,36636570.0,7.6167,4155.002,4153.332,4139.7055
2026-05-20 10:45,1,上证指数,4152.49,4153.02,4144.3,4146.16,34703390.0,7.2148,4150.326,4153.975,4140.176
2026-05-20 11:00,1,上证指数,4145.88,4148.1,4140.92,4146.2,26645402.0,5.5396,4150.016,4153.846,4141.2455
2026-05-20 11:15,1,上证指数,4146.19,4147.99,4139.97,4141.77,21933410.0,4.5599,4146.76,4153.205,4142.9195
2026-05-20 11:30,1,上证指数,4141.76,4151.82,4141.41,4150.98,20308494.0,4.2221,4147.502,4152.66,4144.954
2026-05-20 13:15,1,上证指数,4150.98,4169.85,4150.98,4168.19,35710498.0,7.4242,4150.66,4152.831,4147.1085
2026-05-20 13:30,1,上证指数,4168.96,4168.96,4152.13,4152.66,26045723.0,5.4149,4151.96,4151.143,4148.821000000001
2026-05-20 13:45,1,上证指数,4152.91,4161.36,4149.87,4155.3,19639578.0,4.0831,4153.780000000001,4151.898,4150.142
2026-05-20 14:00,1,上证指数,4155.2,4158.72,4152.92,4157.4,17121553.0,3.5596,4156.906,4151.8330000000005,4151.389
2026-05-20 14:15,1,上证指数,4157.18,4161.27,4150.57,4152.67,20993131.0,4.3645,4157.244000000001,4152.3730000000005,4152.068499999999
2026-05-20 14:30,1,上证指数,4152.94,4156.46,4150.6,4154.53,20391799.0,4.2394,4154.512000000001,4152.586,4152.959
2026-05-20 14:45,1,上证指数,4154.82,4163.22,4154.69,4159.95,27027798.0,5.6191,4155.969999999999,4153.964999999999,4153.969999999999
2026-05-20 15:00,1,上证指数,4159.77,4165.26,4159.52,4162.18,40331787.0,8.385,4157.346,4155.563,4154.704500000001
2026-05-21 09:45,1,上证指数,4174.38,4184.38,4174.13,4178.22,151162889.0,31.4261,4161.51,4159.2080000000005,4156.2065
2026-05-21 10:00,1,上证指数,4178.67,4194.43,4178.67,4194.43,65169262.0,13.5484,4169.861999999999,4163.553,4158.1065
2026-05-21 10:15,1,上证指数,4194.19,4199.53,4192.97,4194.43,49508926.0,10.2927,4177.842,4166.177,4159.504
2026-05-21 10:30,1,上证指数,4194.51,4197.42,4190.34,4194.1,38011250.0,7.9024,4184.6720000000005,4170.321,4160.732
2026-05-21 10:45,1,上证指数,4194.25,4194.78,4180.36,4180.38,35535474.0,7.3877,4188.312,4172.829,4162.3635
2026-05-21 11:00,1,上证指数,4180.3,4183.5,4174.42,4177.24,29385763.0,6.1092,4188.116,4174.813,4163.322999999999
2026-05-21 11:15,1,上证指数,4177.38,4181.88,4174.27,4174.62,23784004.0,4.9446,4184.154,4177.008,4164.6905
2026-05-21 11:30,1,上证指数,4174.83,4177.92,4161.69,4162.37,25407503.0,5.2821,4177.742,4177.792,4165.189
2026-05-21 13:15,1,上证指数,4162.37,4169.52,4157.36,4159.94,32635284.0,6.7847,4170.91,4177.791,4165.878
2026-05-21 13:30,1,上证指数,4160.04,4167.08,4159.84,4163.51,21967285.0,4.5669,4167.535999999999,4177.924000000001,4166.7435
2026-05-21 13:45,1,上证指数,4163.29,4163.29,4152.95,4158.71,26405848.0,5.4897,4163.83,4175.973,4167.5905
2026-05-21 14:00,1,上证指数,4158.52,4158.65,4142.1,4142.22,26738587.0,5.5588,4157.35,4170.752,4167.1525
2026-05-21 14:15,1,上证指数,4141.54,4143.17,4123.75,4129.59,36551457.0,7.5989,4150.794,4164.268,4165.2225
2026-05-21 14:30,1,上证指数,4129.07,4131.17,4102.93,4103.26,41795537.0,8.6891,4139.4580000000005,4155.184,4162.7525
2026-05-21 14:45,1,上证指数,4103.65,4110.2,4083.72,4090.25,60674085.0,12.6139,4124.8060000000005,4146.171,4159.5
2026-05-21 15:00,1,上证指数,4090.72,4094.5,4074.22,4077.28,62485547.0,12.9905,4108.52,4136.175,4155.494000000001
2026-05-22 09:45,1,上证指数,4096.17,4101.0,4067.75,4080.29,129285399.0,26.8752,4096.134,4126.742,4151.875
2026-05-22 10:00,1,上证指数,4080.77,4095.15,4078.6,4086.02,59080493.0,12.2813,4087.420000000001,4119.107,4148.449500000001
2026-05-22 10:15,1,上证指数,4085.77,4096.53,4082.53,4091.3,43672806.0,9.0785,4085.028,4112.243,4145.017
2026-05-22 10:30,1,上证指数,4091.35,4091.35,4072.71,4072.71,38469762.0,7.9969,4081.52,4103.163,4140.5435
2026-05-22 10:45,1,上证指数,4072.69,4087.67,4070.04,4085.08,30617184.0,6.3645,4083.08,4095.8,4135.8865
2026-05-22 11:00,1,上证指数,4084.96,4089.47,4082.56,4088.07,20920233.0,4.3488,4084.636,4090.385,4130.568499999999
2026-05-22 11:15,1,上证指数,4088.4,4090.71,4082.47,4090.56,23186994.0,4.82,4085.544,4086.482,4125.375
2026-05-22 11:30,1,上证指数,4090.81,4096.24,4086.2,4096.24,20179112.0,4.1947,4086.532,4085.78,4120.482
2026-05-22 13:15,1,上证指数,4096.24,4107.57,4096.24,4106.11,32781286.0,6.8144,4093.212,4087.366,4116.7685
2026-05-22 13:30,1,上证指数,4106.12,4106.36,4094.86,4103.29,24381389.0,5.0683,4096.853999999999,4089.967,4113.071000000001
2026-05-22 13:45,1,上证指数,4102.9,4115.64,4102.61,4110.7,28350666.0,5.8934,4101.379999999999,4093.008,4109.875
2026-05-22 14:00,1,上证指数,4110.36,4115.88,4108.58,4110.33,23678202.0,4.9221,4105.334,4095.439,4107.273
2026-05-22 14:15,1,上证指数,4110.55,4120.09,4110.55,4114.89,22930437.0,4.7667,4109.064,4097.798,4105.0205000000005
2026-05-22 14:30,1,上证指数,4114.64,4116.25,4107.54,4113.72,22683265.0,4.7153,4110.586,4101.898999999999,4102.531000000001
2026-05-22 14:45,1,上证指数,4113.65,4115.04,4108.78,4109.23,27357747.0,5.687,4111.773999999999,4104.314,4100.057
2026-05-22 15:00,1,上证指数,4109.03,4114.27,4108.33,4112.9,41884669.0,8.7068,4112.214,4106.7970000000005,4098.590999999999
2026-05-25 09:45,1,上证指数,4126.34,4140.12,4119.8,4134.77,146537703.0,30.4539,4117.102,4111.218,4098.85
2026-05-25 10:00,1,上证指数,4134.64,4137.49,4123.51,4123.69,82156117.0,17.074,4118.861999999999,4113.963000000001,4099.8715
2026-05-25 10:15,1,上证指数,4124.13,4138.55,4124.13,4137.88,44965570.0,9.3449,4123.694,4117.14,4102.253000000001
2026-05-25 10:30,1,上证指数,4138.23,4140.95,4135.75,4137.85,34177729.0,7.1029,4129.418,4120.596,4105.281499999999
2026-05-25 10:45,1,上证指数,4137.95,4138.76,4131.72,4133.52,30105477.0,6.2566,4133.542,4122.878,4107.943
2026-05-25 11:00,1,上证指数,4133.15,4145.43,4131.9,4144.98,24762879.0,5.1463,4135.584000000001,4126.343,4110.891
2026-05-25 11:15,1,上证指数,4145.03,4146.65,4137.69,4142.06,23402873.0,4.8637,4139.258,4129.06,4113.428999999999
2026-05-25 11:30,1,上证指数,4142.5,4142.72,4130.68,4136.25,21829250.0,4.5366,4138.932000000001,4131.313,4116.606
2026-05-25 13:15,1,上证指数,4136.25,4147.68,4136.25,4143.01,31086103.0,6.4604,4139.964,4134.691000000001,4119.5025000000005
2026-05-25 13:30,1,上证指数,4143.18,4145.29,4136.01,4138.56,25261298.0,5.2499,4140.972,4137.257,4122.027
2026-05-25 13:45,1,上证指数,4138.73,4138.73,4120.56,4123.63,27057193.0,5.6231,4136.702,4136.143,4123.6805
2026-05-25 14:00,1,上证指数,4123.36,4135.4,4123.36,4134.18,19146434.0,3.9791,4135.126000000001,4137.192,4125.5775
2026-05-25 14:15,1,上证指数,4133.66,4142.65,4133.66,4141.74,18740277.0,3.8947,4136.224,4137.578,4127.359
2026-05-25 14:30,1,上证指数,4141.85,4144.2,4139.64,4142.11,19625164.0,4.0786,4136.044,4138.004,4129.3
2026-05-25 14:45,1,上证指数,4142.46,4148.91,4141.5,4147.66,26731513.0,5.5554,4137.864,4139.418,4131.147999999999
2026-05-25 15:00,1,上证指数,4147.8,4153.88,4147.36,4152.57,40345281.0,8.3847,4143.652,4140.177000000001,4133.26
2026-05-26 09:45,1,上证指数,4137.32,4137.32,4121.12,4121.33,145846957.0,30.3074,4141.082,4138.104,4133.582
2026-05-26 10:00,1,上证指数,4120.97,4128.2,4112.32,4128.2,81109043.0,16.8547,4138.374,4137.299,4134.306
2026-05-26 10:15,1,上证指数,4128.21,4138.78,4121.58,4131.52,52680917.0,10.9472,4136.255999999999,4136.15,4135.4205
2026-05-26 10:30,1,上证指数,4131.8,4138.08,4130.83,4137.37,36521069.0,7.5892,4134.197999999999,4136.031,4136.644
2026-05-26 10:45,1,上证指数,4137.17,4140.5,4125.45,4126.72,32031289.0,6.6562,4129.028,4136.34,4136.2415
2026-05-26 11:00,1,上证指数,4127.04,4127.04,4118.75,4124.17,28527673.0,5.9281,4129.5960000000005,4135.339,4136.2655
2026-05-26 11:15,1,上证指数,4123.71,4124.1,4108.01,4109.84,28741998.0,5.9727,4125.924000000001,4132.148999999999,4134.8635
2026-05-26 11:30,1,上证指数,4110.78,4124.42,4109.4,4117.85,20403049.0,4.2398,4123.1900000000005,4129.723,4133.8635
2026-05-26 13:15,1,上证指数,4117.85,4133.67,4115.11,4133.38,32117151.0,6.674,4122.392000000001,4128.295,4133.8565
2026-05-26 13:30,1,上证指数,4133.16,4133.37,4118.45,4121.61,27577702.0,5.7307,4121.37,4125.199,4132.688
2026-05-26 13:45,1,上证指数,4122.01,4132.49,4122.01,4124.96,23933969.0,4.9735,4121.528,4125.562,4131.8330000000005
2026-05-26 14:00,1,上证指数,4124.64,4124.97,4112.33,4114.57,25211101.0,5.2389,4122.474,4124.199,4130.749000000001
2026-05-26 14:15,1,上证指数,4114.72,4123.22,4104.46,4123.03,26747954.0,5.5583,4123.51,4123.35,4129.75
2026-05-26 14:30,1,上证指数,4122.77,4134.98,4116.61,4134.98,21469988.0,4.4615,4123.83,4123.111,4129.571
2026-05-26 14:45,1,上证指数,4134.58,4148.09,4134.58,4145.09,30567265.0,6.352,4128.526,4124.947999999999,4130.643999999999
2026-05-26 15:00,1,上证指数,4145.58,4150.29,4144.58,4145.37,41290631.0,8.5803,4132.607999999999,4127.068,4131.2035000000005
2026-05-27 09:45,1,上证指数,4138.81,4153.56,4134.93,4140.77,132132277.0,27.456,4137.848,4130.161,4131.155
2026-05-27 10:00,1,上证指数,4140.8,4143.63,4131.46,4134.06,69163862.0,14.3717,4140.054,4131.782,4130.7525
2026-05-27 10:15,1,上证指数,4133.99,4140.12,4128.16,4129.67,55307473.0,11.4924,4138.992,4131.411,4129.853000000001
2026-05-27 10:30,1,上证指数,4129.54,4135.94,4127.74,4133.69,38621762.0,8.0253,4136.712,4132.619000000001,4128.909
2026-05-27 10:45,1,上证指数,4133.76,4137.82,4122.29,4126.82,33055331.0,6.8686,4133.002,4132.805,4129.1835
2026-05-27 11:00,1,上证指数,4127.24,4128.22,4120.5,4122.32,30982442.0,6.4379,4129.312,4133.58,4128.889499999999
2026-05-27 11:15,1,上证指数,4122.84,4123.97,4115.3,4115.3,24943233.0,5.183,4125.56,4132.807000000001,4128.0785
2026-05-27 11:30,1,上证指数,4115.61,4116.2,4093.21,4099.23,32721957.0,6.7993,4119.472,4129.232,4126.1715
2026-05-27 13:15,1,上证指数,4099.23,4107.41,4095.41,4101.48,37976365.0,7.8912,4113.03,4124.870999999999,4124.9095
2026-05-27 13:30,1,上证指数,4100.69,4109.67,4094.76,4107.45,26042790.0,5.4115,4109.156,4121.079,4124.0735
2026-05-27 13:45,1,上证指数,4107.78,4107.78,4088.53,4090.93,35157689.0,7.3055,4102.878,4116.094999999999,4123.128
2026-05-27 14:00,1,上证指数,4090.51,4097.46,4080.65,4083.21,27110034.0,5.6332,4096.46,4111.01,4121.396
2026-05-27 14:15,1,上证指数,4082.72,4094.91,4077.62,4086.48,24863485.0,5.1664,4093.91,4106.691000000001,4119.051
2026-05-27 14:30,1,上证指数,4084.57,4103.19,4084.25,4100.19,22416126.0,4.6579,4093.652,4103.340999999999,4117.98
2026-05-27 14:45,1,上证指数,4099.34,4108.62,4096.15,4096.15,29115682.0,6.05,4091.392,4100.273999999999,4116.5395
2026-05-27 15:00,1,上证指数,4096.0,4096.58,4087.08,4093.73,40856891.0,8.4897,4091.952,4097.414999999999,4115.4975
2026-05-28 09:45,1,上证指数,4080.3,4093.0,4075.16,4084.74,131915513.0,27.4074,4092.258,4094.359,4113.583
2026-05-28 10:00,1,上证指数,4085.18,4087.98,4074.14,4076.61,64605095.0,13.4226,4090.284,4092.097,4110.6645
2026-05-28 10:15,1,上证指数,4076.47,4086.51,4075.4,4082.96,46136643.0,9.5856,4086.8380000000006,4090.245,4107.558
2026-05-28 10:30,1,上证指数,4083.07,4084.55,4070.25,4078.26,37558150.0,7.8033,4083.26,4087.326,4104.202499999999
2026-05-28 10:45,1,上证指数,4078.3,4086.19,4078.3,4079.89,32738916.0,6.802,4080.492,4086.222,4101.1585
2026-05-28 11:00,1,上证指数,4079.78,4082.47,4069.71,4069.94,28401478.0,5.9008,4077.532,4084.895,4097.952499999999
2026-05-28 11:15,1,上证指数,4069.4,4080.13,4068.13,4080.13,23471488.0,4.8765,4078.236,4084.2600000000007,4095.4755
2026-05-28 11:30,1,上证指数,4079.94,4088.03,4078.89,4087.86,21774816.0,4.524,4079.216,4083.027000000001,4093.184
2026-05-28 13:15,1,上证指数,4087.86,4088.22,4055.83,4062.67,42685865.0,8.8686,4076.098,4079.679,4089.9765
2026-05-28 13:30,1,上证指数,4062.72,4086.4,4061.23,4083.06,25720936.0,5.3439,4076.732,4078.612,4088.0135
2026-05-28 13:45,1,上证指数,4083.11,4101.49,4082.36,4101.49,26768340.0,5.5615,4083.042,4080.287,4087.323
2026-05-28 14:00,1,上证指数,4101.34,4110.78,4098.19,4101.89,27925673.0,5.802,4087.394,4082.815,4087.4560000000006
2026-05-28 14:15,1,上证指数,4102.36,4108.72,4093.18,4093.18,24194008.0,5.0267,4088.458,4083.837,4087.041
2026-05-28 14:30,1,上证指数,4093.51,4102.21,4093.33,4098.42,21429714.0,4.4523,4095.608,4085.853000000001,4086.5895
2026-05-28 14:45,1,上证指数,4097.56,4104.36,4096.19,4096.69,26689183.0,5.5451,4098.334,4087.533,4086.8775
2026-05-28 15:00,1,上证指数,4095.99,4098.64,4094.69,4098.64,39164132.0,8.1369,4097.764,4090.403,4087.649
2026-05-29 09:45,1,上证指数,4110.52,4112.96,4099.85,4102.48,140534859.0,29.1943,4097.8820000000005,4092.638,4088.449000000001
2026-05-29 10:00,1,上证指数,4102.45,4106.13,4091.29,4099.0,88562521.0,18.3977,4099.046,4093.752,4088.3895
2026-05-29 10:15,1,上证指数,4099.2,4102.54,4079.57,4088.33,65874411.0,13.6846,4097.028,4096.318,4087.9985
2026-05-29 10:30,1,上证指数,4088.6,4094.56,4080.22,4086.32,44228790.0,9.188,4094.954,4096.644,4087.628
2026-05-29 10:45,1,上证指数,4086.11,4100.0,4081.32,4099.95,34812793.0,7.2319,4095.216,4096.49,4088.3885
2026-05-29 11:00,1,上证指数,4099.87,4103.87,4088.43,4089.77,29395385.0,6.1065,4092.674,4095.278,4089.0465
2026-05-29 11:15,1,上证指数,4089.69,4090.26,4080.93,4088.29,27621662.0,5.738,4090.532,4094.7890000000007,4089.313
2026-05-29 11:30,1,上证指数,4087.86,4091.83,4080.56,4083.62,25350167.0,5.2662,4089.59,4093.309,4089.5810000000006
2026-05-29 13:15,1,上证指数,4083.62,4097.34,4082.11,4097.22,33204030.0,6.8977,4091.77,4093.362,4090.4475000000007
2026-05-29 13:30,1,上证指数,4097.02,4107.07,4096.95,4098.25,26009646.0,5.4032,4091.43,4093.323,4091.863
2026-05-29 13:45,1,上证指数,4098.54,4098.54,4084.88,4088.13,25735767.0,5.3463,4091.102,4091.888,4092.263
2026-05-29 14:00,1,上证指数,4088.18,4094.33,4071.31,4071.92,32444476.0,6.7399,4087.828,4089.18,4091.466
2026-05-29 14:15,1,上证指数,4072.14,4074.0,4061.23,4065.46,33290587.0,6.9157,4084.196,4086.893,4091.6055
2026-05-29 14:30,1,上证指数,4065.69,4065.69,4055.89,4060.52,33748930.0,7.0109,4076.856,4084.313,4090.4785
2026-05-29 14:45,1,上证指数,4061.45,4072.49,4061.45,4062.79,34267820.0,7.1187,4069.764,4080.597,4088.5435
2026-05-29 15:00,1,上证指数,4062.5,4072.35,4056.04,4068.57,56515866.0,11.7404,4065.852,4078.477,4086.8775
2026-06-01 09:45,1,上证指数,4067.16,4070.15,4051.22,4067.85,163166397.0,33.8919,4065.038000000001,4076.433,4085.611
2026-06-01 10:00,1,上证指数,4067.94,4084.81,4063.66,4082.59,73637316.0,15.2955,4068.464,4076.33,4084.8195
2026-06-01 10:15,1,上证指数,4082.75,4090.24,4080.65,4087.15,53971081.0,11.2105,4073.79,4075.323,4084.3425
2026-06-01 10:30,1,上证指数,4086.61,4093.04,4083.6,4083.96,39008715.0,8.1026,4078.024,4073.894,4083.6085
2026-06-01 10:45,1,上证指数,4083.78,4088.57,4071.52,4071.52,42985183.0,8.9286,4078.614,4072.233,4082.060500000001
2026-06-01 11:00,1,上证指数,4071.42,4074.53,4060.64,4061.72,33240511.0,6.9045,4077.388,4071.213,4080.1965
2026-06-01 11:15,1,上证指数,4061.6,4065.17,4049.27,4049.37,25827992.0,5.3648,4070.744,4069.604,4078.2485
2026-06-01 11:30,1,上证指数,4049.16,4063.72,4045.69,4063.72,21765892.0,4.5211,4066.058,4069.924,4077.1185
2026-06-01 13:15,1,上证指数,4063.72,4077.04,4063.72,4075.98,31020012.0,6.4433,4064.462,4071.243,4075.92
2026-06-01 13:30,1,上证指数,4075.85,4078.72,4064.39,4064.84,27024205.0,5.6133,4063.1259999999993,4070.87,4074.6735
2026-06-01 13:45,1,上证指数,4065.12,4070.7,4060.68,4061.98,19258816.0,4.0003,4063.178,4070.283,4073.358
2026-06-01 14:00,1,上证指数,4061.88,4067.19,4060.67,4065.41,19556291.0,4.0621,4066.386,4068.565,4072.4475
2026-06-01 14:15,1,上证指数,4065.34,4067.86,4059.12,4060.17,21030304.0,4.3683,4065.676,4065.867,4070.595
2026-06-01 14:30,1,上证指数,4059.64,4059.94,4052.68,4058.98,24246609.0,5.0364,4062.276,4063.369,4068.6315
2026-06-01 14:45,1,上证指数,4058.6,4062.43,4052.55,4054.2,34090461.0,7.0811,4060.148,4061.637,4066.935
2026-06-01 15:00,1,上证指数,4053.79,4061.32,4053.79,4057.74,46196021.0,9.5955,4059.3,4061.239,4066.226
2026-06-02 09:45,1,上证指数,4061.46,4064.15,4050.83,4050.83,136013811.0,28.2477,4056.384,4061.385,4065.4945
2026-06-02 10:00,1,上证指数,4051.54,4056.18,4039.81,4040.82,83374752.0,17.3155,4052.514,4059.095,4064.509499999999
2026-06-02 10:15,1,上证指数,4040.66,4048.85,4032.58,4047.2,60303069.0,12.5239,4050.158,4056.217,4063.730000000001
2026-06-02 10:30,1,上证指数,4047.01,4058.44,4042.29,4058.4,39431692.0,8.1893,4050.998,4055.573,4063.2215
2026-06-02 10:45,1,上证指数,4058.39,4060.87,4050.85,4057.04,31563520.0,6.5552,4050.858,4055.079,4062.681
2026-06-02 11:00,1,上证指数,4057.02,4062.54,4054.82,4060.96,25025504.0,5.1974,4052.884,4054.634,4061.5995
2026-06-02 11:15,1,上证指数,4061.42,4064.71,4052.65,4052.86,25178343.0,5.2291,4055.292,4053.903,4059.885
2026-06-02 11:30,1,上证指数,4052.41,4057.63,4051.56,4056.24,21571428.0,4.48,4057.1,4053.629,4058.4990000000007
2026-06-02 13:15,1,上证指数,4056.24,4071.91,4056.23,4071.91,31714597.0,6.5866,4059.802,4055.4,4058.5185
2026-06-02 13:30,1,上证指数,4071.84,4083.97,4071.84,4082.6,28586843.0,5.937,4064.914,4057.886,4059.5625
2026-06-02 13:45,1,上证指数,4082.58,4089.57,4076.16,4078.04,29795277.0,6.188,4068.33,4060.607,4060.996
2026-06-02 14:00,1,上证指数,4078.01,4081.76,4074.84,4079.12,19567841.0,4.0639,4073.582,4064.437,4061.766000000001
2026-06-02 14:15,1,上证指数,4079.86,4083.8,4066.59,4067.35,24787461.0,5.1479,4075.804,4066.452,4061.3345
2026-06-02 14:30,1,上证指数,4067.57,4076.51,4066.8,4076.07,20032575.0,4.1604,4076.636,4068.219,4061.896
2026-06-02 14:45,1,上证指数,4075.92,4078.81,4074.4,4075.17,27062200.0,5.6203,4075.15,4070.032,4062.5555
2026-06-02 15:00,1,上证指数,4075.23,4076.75,4073.74,4075.1,38235743.0,7.9409,4074.562,4071.446,4063.04
2026-06-03 09:45,1,上证指数,4068.34,4076.48,4059.91,4076.48,139668053.0,29.0074,4074.034000000001,4073.808,4063.8555
2026-06-03 10:00,1,上证指数,4076.27,4086.61,4075.99,4086.53,64408447.0,13.3769,4077.87,4076.837,4065.233
2026-06-03 10:15,1,上证指数,4086.15,4086.33,4073.59,4073.63,46593429.0,9.6769,4077.382,4077.009,4066.2045000000007
2026-06-03 10:30,1,上证指数,4073.26,4085.1,4073.26,4083.19,34552084.0,7.1761,4078.986,4077.068,4067.477
2026-06-03 10:45,1,上证指数,4083.61,4092.13,4080.27,4089.5,32117320.0,6.6704,4081.866,4078.214,4069.4105
2026-06-03 11:00,1,上证指数,4089.22,4091.07,4086.26,4089.02,25088223.0,5.2105,4084.3740000000007,4079.204,4071.8205
2026-06-03 11:15,1,上证指数,4089.61,4101.64,4089.14,4097.61,25611160.0,5.3191,4086.59,4082.23,4074.341
2026-06-03 11:30,1,上证指数,4097.37,4100.42,4094.37,4097.94,20681513.0,4.2953,4091.452,4084.417,4076.318
2026-06-03 13:15,1,上证指数,4097.94,4099.37,4090.18,4091.17,35198186.0,7.3103,4093.048,4086.017,4078.0245
2026-06-03 13:30,1,上证指数,4090.84,4097.34,4089.92,4092.72,33651773.0,6.9891,4093.692,4087.779,4079.6125
2026-06-03 13:45,1,上证指数,4093.3,4101.13,4091.41,4097.37,28650878.0,5.9505,4095.362,4089.868,4081.838
2026-06-03 14:00,1,上证指数,4096.86,4098.33,4093.78,4098.03,25293934.0,5.2533,4095.446,4091.018,4083.9274999999993
2026-06-03 14:15,1,上证指数,4098.1,4107.05,4089.13,4092.25,32004785.0,6.647,4094.308,4092.88,4084.9445
2026-06-03 14:30,1,上证指数,4092.19,4092.19,4079.08,4080.04,35620037.0,7.3979,4092.082,4092.565,4084.8165
2026-06-03 14:45,1,上证指数,4080.26,4082.21,4062.11,4074.7,47557923.0,9.8772,4088.478,4091.085,4084.6495
2026-06-03 15:00,1,上证指数,4075.07,4088.72,4075.07,4083.97,41754838.0,8.672,4085.798,4090.58,4084.892
2026-06-04 09:45,1,上证指数,4053.67,4074.13,4053.53,4071.79,136810055.0,28.4133,4080.55,4087.998000000001,4085.114
2026-06-04 10:00,1,上证指数,4072.03,4078.67,4066.47,4078.27,68063692.0,14.1357,4077.754,4086.031,4085.224
2026-06-04 10:15,1,上证指数,4078.94,4080.72,4071.76,4073.4,50497000.0,10.4874,4076.426,4084.254,4085.1355
2026-06-04 10:30,1,上证指数,4073.34,4073.61,4065.12,4071.11,36043478.0,7.4857,4075.708,4082.093,4084.9359999999992
2026-06-04 10:45,1,上证指数,4071.09,4072.11,4064.88,4068.84,28264886.0,5.8702,4072.682,4079.2399999999993,4084.554
2026-06-04 11:00,1,上证指数,4068.83,4072.37,4062.86,4069.76,25754845.0,5.3489,4072.276,4076.413,4083.7155
2026-06-04 11:15,1,上证指数,4069.87,4076.79,4065.94,4067.26,22020872.0,4.5734,4070.074000000001,4073.914,4083.397
2026-06-04 11:30,1,上证指数,4067.56,4068.55,4062.34,4066.56,20427548.0,4.2425,4068.7060000000006,4072.566,4082.5655000000006
2026-06-04 13:15,1,上证指数,4066.56,4071.81,4059.02,4064.89,35015753.0,7.2722,4067.462,4071.585,4081.335000000001
2026-06-04 13:30,1,上证指数,4064.96,4065.76,4061.58,4063.03,23913025.0,4.9664,4066.3,4069.491,4080.0355
2026-06-04 13:45,1,上证指数,4063.02,4063.02,4053.7,4062.0,23831141.0,4.9493,4064.748000000001,4068.512,4078.255
2026-06-04 14:00,1,上证指数,4061.97,4064.23,4055.68,4062.12,23473500.0,4.8751,4063.72,4066.897,4076.464
2026-06-04 14:15,1,上证指数,4061.83,4068.51,4060.58,4061.38,22420215.0,4.6563,4062.684,4065.695,4074.9745
2026-06-04 14:30,1,上证指数,4061.61,4062.97,4043.43,4050.71,32451354.0,6.7396,4059.848,4063.655,4072.874
2026-06-04 14:45,1,上证指数,4050.91,4058.76,4048.99,4055.57,30167660.0,6.2653,4058.356,4062.328,4070.784000000001
2026-06-04 15:00,1,上证指数,4056.12,4061.91,4055.1,4057.78,42039750.0,8.731,4057.512,4061.13,4068.7715
2026-06-05 09:45,1,上证指数,4044.83,4054.32,4040.34,4052.4,157527603.0,32.7114,4055.568,4059.644,4066.779
2026-06-05 10:00,1,上证指数,4052.33,4065.98,4046.93,4060.3,71723231.0,14.8937,4055.352,4059.018,4065.792
2026-06-05 10:15,1,上证指数,4060.87,4070.93,4056.35,4070.46,47426288.0,9.8483,4059.3020000000006,4059.575,4065.58
2026-06-05 10:30,1,上证指数,4070.79,4071.63,4064.63,4067.59,34079784.0,7.0768,4061.706,4060.031,4064.761
2026-06-05 10:45,1,上证指数,4067.23,4069.15,4057.83,4063.09,31374421.0,6.515,4062.768,4060.14,4064.326
2026-06-05 11:00,1,上证指数,4063.03,4075.52,4062.18,4067.23,28410267.0,5.8995,4065.734,4060.651,4063.774
2026-06-05 11:15,1,上证指数,4067.81,4072.92,4063.77,4072.92,20727755.0,4.3042,4068.258,4061.805,4063.750000000001
2026-06-05 11:30,1,上证指数,4073.42,4078.93,4068.59,4075.31,25594356.0,5.3148,4069.228,4064.265,4063.960000000001
2026-06-05 13:15,1,上证指数,4075.31,4077.75,4064.34,4064.36,32447193.0,6.7378,4068.582,4065.144,4063.736
2026-06-05 13:30,1,上证指数,4063.96,4069.46,4054.28,4054.28,30260043.0,6.2836,4066.82,4064.794,4062.962
2026-06-05 13:45,1,上证指数,4054.56,4060.41,4051.47,4058.61,22735986.0,4.7212,4065.096,4065.415,4062.529500000001
2026-06-05 14:00,1,上证指数,4058.79,4062.5,4049.91,4049.91,21117187.0,4.3851,4060.494,4064.376,4061.696999999999
2026-06-05 14:15,1,上证指数,4049.69,4049.69,4038.04,4042.07,29047178.0,6.0318,4053.846,4061.537,4060.556
2026-06-05 14:30,1,上证指数,4042.13,4042.65,4026.46,4028.3,31486240.0,6.5383,4046.634000000001,4057.608,4058.8195
2026-06-05 14:45,1,上证指数,4028.14,4030.86,4015.06,4019.38,37249874.0,7.7351,4039.654,4053.237,4056.6884999999993
2026-06-05 15:00,1,上证指数,4019.24,4030.05,4019.24,4027.74,41711171.0,8.6615,4033.480000000001,4049.288,4054.9695
2026-06-08 09:45,1,上证指数,3938.71,3988.86,3938.71,3988.11,145351763.0,30.1815,4021.12,4040.807,4051.306
2026-06-08 10:00,1,上证指数,3987.75,3994.7,3978.34,3993.15,66485133.0,13.8053,4011.336,4032.591,4048.428
2026-06-08 10:15,1,上证指数,3993.25,3994.21,3978.7,3993.12,46526750.0,9.661,4004.3,4025.467000000001,4045.3055
2026-06-08 10:30,1,上证指数,3993.5,3997.53,3978.79,3996.45,36041944.0,7.4839,3999.714,4019.684,4042.239
2026-06-08 10:45,1,上证指数,3996.18,4007.43,3993.8,4004.36,27871483.0,5.7874,3995.038,4014.259000000001,4039.837
2026-06-08 11:00,1,上证指数,4004.05,4007.49,3994.61,3996.0,27679387.0,5.7475,3996.616,4008.868,4036.622
2026-06-08 11:15,1,上证指数,3996.06,3997.97,3983.49,3983.89,26083531.0,5.4161,3994.764,4003.05,4032.2935
2026-06-08 11:30,1,上证指数,3984.39,3988.28,3976.06,3976.83,24540813.0,5.0958,3991.506,3997.903,4027.7555
2026-06-08 13:15,1,上证指数,3976.83,3979.74,3967.23,3969.42,35690457.0,7.4109,3986.1,3992.907,4023.072
2026-06-08 13:30,1,上证指数,3969.1,3969.36,3955.21,3955.21,31026206.0,6.4424,3976.27,3985.654,4017.471000000001
2026-06-08 13:45,1,上证指数,3955.16,3956.35,3932.45,3932.58,39339493.0,8.1686,3963.586,3980.101,4010.4539999999993
2026-06-08 14:00,1,上证指数,3932.94,3951.71,3927.85,3949.0,34940759.0,7.2553,3956.608,3975.686,4004.1385
2026-06-08 14:15,1,上证指数,3949.1,3957.8,3943.94,3945.41,24580946.0,5.1041,3950.324,3970.915,3998.191
2026-06-08 14:30,1,上证指数,3945.02,3970.56,3944.45,3970.2,24043534.0,4.9925,3950.480000000001,3968.29,3993.987
2026-06-08 14:45,1,上证指数,3970.6,3971.2,3953.62,3962.62,29096280.0,6.0417,3951.962,3964.116,3989.1875
2026-06-08 15:00,1,上证指数,3963.1,3967.41,3954.11,3959.34,39995076.0,8.3048,3957.314,3960.45,3984.659000000001
2026-06-09 09:45,1,上证指数,3977.54,3979.6,3956.05,3964.63,126646469.0,26.284,3960.44,3958.524,3980.787
2026-06-09 10:00,1,上证指数,3964.37,3971.04,3955.91,3971.04,65872910.0,13.6712,3965.566,3957.945,3977.924
2026-06-09 10:15,1,上证指数,3971.43,3975.18,3966.82,3970.23,42178298.0,8.7536,3965.572,3958.026,3975.4665
2026-06-09 10:30,1,上证指数,3970.31,3974.21,3966.48,3973.43,36209150.0,7.5148,3967.734,3959.848,3972.751
2026-06-09 10:45,1,上证指数,3973.73,3976.11,3967.0,3972.09,26538096.0,5.5077,3970.284000000001,3963.799,3971.95
2026-06-09 11:00,1,上证指数,3971.89,3973.37,3968.59,3971.74,23319911.0,4.8398,3971.706,3966.073,3970.879500000001
2026-06-09 11:15,1,上证指数,3971.56,3979.7,3970.12,3976.8,22074211.0,4.5812,3972.858,3969.212,3970.0634999999993
2026-06-09 11:30,1,上证指数,3976.82,3980.27,3970.13,3979.68,19550349.0,4.0574,3974.748,3970.16,3969.225
2026-06-09 13:15,1,上证指数,3979.68,3994.65,3979.68,3984.49,32425469.0,6.7295,3976.96,3972.347,3968.2315
2026-06-09 13:30,1,上证指数,3984.58,3988.67,3981.52,3985.35,23507596.0,4.8787,3979.612,3974.948,3967.699
2026-06-09 13:45,1,上证指数,3985.35,3992.48,3984.95,3986.37,22789781.0,4.7298,3982.538000000001,3977.122,3967.823
2026-06-09 14:00,1,上证指数,3986.06,3992.08,3985.85,3986.43,19405668.0,4.0274,3984.464,3978.661,3968.303
2026-06-09 14:15,1,上证指数,3986.18,3999.6,3986.18,3997.63,23363924.0,4.8489,3988.054,3981.401,3969.7135
2026-06-09 14:30,1,上证指数,3997.83,4006.2,3996.5,4005.61,22826449.0,4.7374,3992.278,3984.619,3972.2335
2026-06-09 14:45,1,上证指数,4005.51,4007.85,4003.76,4007.73,29676397.0,6.159,3996.754,3988.183,3975.991
2026-06-09 15:00,1,上证指数,4007.62,4010.87,4007.1,4010.03,40185412.0,8.34,4001.486,3992.012,3979.042500000001
2026-06-10 09:45,1,上证指数,3985.12,4003.65,3985.12,3996.32,122920605.0,25.51,4003.464,3993.964,3981.5880000000006
2026-06-10 10:00,1,上证指数,3996.98,4006.31,3996.98,4005.64,65168562.0,13.5246,4005.066,3996.56,3983.3600000000006
2026-06-10 10:15,1,上证指数,4004.75,4004.75,3989.31,3990.19,49161737.0,10.2027,4001.982,3997.13,3984.7385
2026-06-10 10:30,1,上证指数,3989.92,3994.97,3983.36,3983.77,40984889.0,8.5057,3997.19,3996.972,3985.96
2026-06-10 10:45,1,上证指数,3983.06,3986.05,3972.87,3984.08,34377284.0,7.1344,3992.0,3996.743,3986.9325
2026-06-10 11:00,1,上证指数,3983.92,3991.27,3976.94,3979.71,25272656.0,5.2449,3988.678,3996.071,3987.366
2026-06-10 11:15,1,上证指数,3979.83,3987.78,3976.57,3984.11,24828186.0,5.1527,3984.372,3994.719,3988.06
2026-06-10 11:30,1,上证指数,3984.42,3989.41,3976.79,3986.66,20946575.0,4.3471,3983.666,3992.824000000001,3988.7215
2026-06-10 13:15,1,上证指数,3986.66,3986.66,3967.95,3970.08,33327289.0,6.9165,3980.928,3989.059,3988.621
2026-06-10 13:30,1,上证指数,3970.17,3978.58,3969.4,3978.58,23076847.0,4.7892,3979.828,3985.914,3988.963
2026-06-10 13:45,1,上证指数,3978.35,3983.08,3971.32,3976.75,23802666.0,4.9398,3979.236,3983.957,3988.9605
2026-06-10 14:00,1,上证指数,3976.87,3990.52,3963.44,3990.52,25767225.0,5.3475,3980.518,3982.445,3989.5025
2026-06-10 14:15,1,上证指数,3990.29,3992.32,3978.68,3982.51,21201524.0,4.4,3979.688000000001,3981.677,3989.4035
2026-06-10 14:30,1,上证指数,3982.26,3996.86,3980.67,3990.54,20381882.0,4.2299,3983.78,3982.354,3989.663000000001
2026-06-10 14:45,1,上证指数,3990.15,3997.45,3985.84,3990.33,27166143.0,5.6379,3986.13,3982.979,3989.861
2026-06-10 15:00,1,上证指数,3989.89,3995.87,3988.73,3993.23,40310669.0,8.3658,3989.426,3984.331,3990.201
2026-06-11 09:45,1,上证指数,3979.71,3997.48,3973.32,3987.47,129042446.0,26.778,3988.816,3984.667,3989.693
2026-06-11 10:00,1,上证指数,3987.6,3995.37,3978.36,3984.71,57780485.0,11.9902,3989.256,3984.4719999999993,3988.648
2026-06-11 10:15,1,上证指数,3984.72,3984.72,3971.97,3975.02,44256187.0,9.1838,3986.152,3984.966,3987.0125
2026-06-11 10:30,1,上证指数,3975.22,3975.67,3967.11,3968.65,33793208.0,7.0125,3981.816,3983.973,3984.9435
2026-06-11 10:45,1,上证指数,3969.06,3974.66,3966.2,3966.39,28898233.0,5.9968,3976.448,3982.937,3983.446999999999
2026-06-11 11:00,1,上证指数,3966.02,3977.39,3963.15,3976.02,24900974.0,5.1673,3974.158,3981.487,3981.966
2026-06-11 11:15,1,上证指数,3976.23,3976.85,3960.58,3965.34,22499462.0,4.6689,3970.284000000001,3979.77,3980.7235
2026-06-11 11:30,1,上证指数,3965.77,3968.42,3958.44,3964.24,20277839.0,4.2079,3968.128,3977.14,3979.747
2026-06-11 13:15,1,上证指数,3964.24,3982.72,3964.24,3979.48,31748235.0,6.5882,3970.294,3976.055,3979.517
2026-06-11 13:30,1,上证指数,3979.77,3984.5,3977.32,3977.99,22523608.0,4.674,3972.614,3974.531,3979.431
2026-06-11 13:45,1,上证指数,3977.68,3988.96,3973.85,3976.02,23191299.0,4.8125,3972.614,3973.386,3979.0265
2026-06-11 14:00,1,上证指数,3976.01,3988.83,3974.1,3981.46,20305087.0,4.2136,3975.838,3973.061,3978.7665
2026-06-11 14:15,1,上证指数,3981.85,3982.58,3965.6,3967.33,23525611.0,4.8819,3976.456,3972.292,3978.629
2026-06-11 14:30,1,上证指数,3967.36,3976.05,3965.61,3969.92,20543568.0,4.2631,3974.544,3972.419,3978.196
2026-06-11 14:45,1,上证指数,3970.09,3978.99,3970.09,3977.7,26633484.0,5.5268,3974.486,3973.55,3978.2435
2026-06-11 15:00,1,上证指数,3978.61,3987.81,3977.49,3987.01,38625518.0,8.0153,3976.684,3974.649,3978.068
2026-06-12 09:45,1,上证指数,4017.86,4025.59,4008.18,4020.97,141289825.0,29.3184,3984.586,3980.212,3979.991
2026-06-12 10:00,1,上证指数,4021.3,4035.62,4021.3,4035.62,74784252.0,15.5181,3998.244,3987.35,3982.245
2026-06-12 10:15,1,上证指数,4035.51,4042.88,4030.06,4042.1,55249636.0,11.4646,4012.68,3993.612,3984.8335000000006
2026-06-12 10:30,1,上证指数,4042.51,4042.73,4034.41,4034.41,45070728.0,9.3524,4024.022,3999.254,3986.8925
2026-06-12 10:45,1,上证指数,4034.49,4045.46,4033.1,4045.38,40773581.0,8.4607,4035.696,4006.19,3989.788
2026-06-12 11:00,1,上证指数,4045.68,4052.26,4045.68,4050.96,38186270.0,7.9238,4041.694,4013.14,3993.100500000001
2026-06-12 11:15,1,上证指数,4051.47,4060.27,4047.23,4048.59,37592266.0,7.8006,4044.288000000001,4021.266000000001,3996.779
2026-06-12 11:30,1,上证指数,4048.9,4051.81,4046.27,4049.29,29024936.0,6.0228,4045.726,4029.203,4000.811
2026-06-12 13:15,1,上证指数,4049.29,4050.35,4036.44,4043.7,46212445.0,9.5893,4047.584,4035.803,4004.6765
2026-06-12 13:30,1,上证指数,4043.7,4048.39,4040.05,4044.67,31682630.0,6.5743,4047.442,4041.569,4008.109
2026-06-12 13:45,1,上证指数,4045.69,4045.69,4035.81,4042.25,30506735.0,6.3303,4045.7,4043.697,4011.9545
2026-06-12 14:00,1,上证指数,4042.08,4043.53,4030.73,4034.57,28427163.0,5.8988,4042.896,4043.592,4015.471
2026-06-12 14:15,1,上证指数,4034.6,4037.71,4031.78,4037.12,27568149.0,5.7205,4040.462,4043.094,4018.353
2026-06-12 14:30,1,上证指数,4037.23,4041.79,4034.96,4036.75,26627440.0,5.5253,4039.072,4043.328,4021.291
2026-06-12 14:45,1,上证指数,4036.69,4038.36,4026.88,4027.37,37685836.0,7.82,4035.612,4041.527,4023.8585
2026-06-12 15:00,1,上证指数,4027.66,4032.94,4023.37,4031.51,52449200.0,10.8835,4033.464,4039.582,4026.361
2026-06-15 09:45,1,上证指数,4053.58,4080.43,4051.07,4078.43,169468195.0,35.1634,4042.236,4042.566,4031.916
2026-06-15 10:00,1,上证指数,4078.63,4086.97,4078.6,4081.05,82725405.0,17.1649,4051.022,4045.7420000000006,4037.4725
2026-06-15 10:15,1,上证指数,4080.79,4092.23,4080.79,4087.32,56789795.0,11.7835,4061.136,4050.104,4042.953500000001
2026-06-15 10:30,1,上证指数,4087.25,4087.5,4073.08,4080.19,45499114.0,9.4407,4071.7,4053.656,4047.6125
2026-06-15 10:45,1,上证指数,4080.04,4080.67,4070.53,4070.57,33371621.0,6.9244,4079.512,4056.488,4050.0925
2026-06-15 11:00,1,上证指数,4070.89,4074.35,4065.47,4071.35,27799112.0,5.7681,4078.096,4060.166,4051.879
2026-06-15 11:15,1,上证指数,4071.5,4071.5,4065.01,4068.14,22838776.0,4.7389,4075.514,4063.268,4053.181000000001
2026-06-15 11:30,1,上证指数,4068.97,4071.44,4064.54,4068.58,22490696.0,4.6666,4071.766,4066.451,4054.8895
2026-06-15 13:15,1,上证指数,4068.58,4074.85,4063.67,4066.59,32489855.0,6.7414,4069.046,4070.373000000001,4055.95
2026-06-15 13:30,1,上证指数,4066.17,4075.38,4066.04,4075.38,24567279.0,5.0975,4070.008,4074.76,4057.1710000000007
2026-06-15 13:45,1,上证指数,4075.49,4083.9,4074.36,4083.22,24782936.0,5.1423,4072.382,4075.239,4058.9025
2026-06-15 14:00,1,上证指数,4083.57,4085.5,4078.08,4080.22,20464698.0,4.2463,4074.798,4075.156,4060.449
2026-06-15 14:15,1,上证指数,4080.58,4083.96,4077.87,4078.55,20843207.0,4.3248,4076.792,4074.279,4062.1915
2026-06-15 14:30,1,上证指数,4078.96,4081.56,4078.19,4079.43,20867761.0,4.3299,4079.36,4074.203,4063.9295000000006
2026-06-15 14:45,1,上证指数,4079.18,4088.05,4078.08,4087.7,29248617.0,6.0689,4081.824,4075.916,4066.202
2026-06-15 15:00,1,上证指数,4087.27,4097.17,4086.98,4096.47,44660744.0,9.2668,4084.474,4078.428,4069.297
2026-06-16 09:45,1,上证指数,4094.21,4094.21,4084.67,4090.81,134749870.0,27.9567,4086.592,4080.695,4071.9815
2026-06-16 10:00,1,上证指数,4090.14,4094.15,4086.19,4088.0,72660736.0,15.075,4088.482,4082.637,4074.544
2026-06-16 10:15,1,上证指数,4088.44,4099.77,4086.2,4095.32,49218883.0,10.2115,4091.66,4085.51,4077.9415
2026-06-16 10:30,1,上证指数,4095.42,4096.61,4089.78,4095.4,34123192.0,7.0796,4093.2,4087.512,4081.136
2026-06-16 10:45,1,上证指数,4095.27,4103.93,4094.49,4103.93,31498895.0,6.5351,4094.692,4089.583,4082.411
2026-06-16 11:00,1,上证指数,4103.57,4103.73,4095.32,4096.48,27123702.0,5.6274,4095.826,4091.209,4083.1825
2026-06-16 11:15,1,上证指数,4096.68,4099.33,4093.53,4098.11,22263577.0,4.619,4097.848,4093.165,4083.722
2026-06-16 11:30,1,上证指数,4098.32,4100.25,4095.62,4098.85,21165583.0,4.3912,4098.554,4095.107000000001,4084.655
2026-06-16 13:15,1,上证指数,4098.85,4102.83,4096.4,4098.61,33105852.0,6.8685,4099.196,4096.197999999999,4086.057
2026-06-16 13:30,1,上证指数,4098.2,4098.42,4089.06,4092.17,27518175.0,5.7092,4096.844,4095.768,4087.098
2026-06-16 13:45,1,上证指数,4091.75,4092.06,4077.87,4081.8,26965672.0,5.5946,4093.908,4094.867,4087.781
2026-06-16 14:00,1,上证指数,4081.49,4090.27,4081.49,4088.15,20242448.0,4.1997,4091.916,4094.882,4088.7595
2026-06-16 14:15,1,上证指数,4088.21,4096.27,4084.92,4095.71,22806334.0,4.7316,4091.288000000001,4094.921,4090.2155
2026-06-16 14:30,1,上证指数,4094.73,4100.43,4093.17,4094.71,23542315.0,4.8843,4090.508,4094.852,4091.182
2026-06-16 14:45,1,上证指数,4095.02,4096.32,4085.95,4086.7,28567372.0,5.9269,4089.414,4093.129,4091.356
2026-06-16 15:00,1,上证指数,4086.94,4092.72,4086.23,4091.89,40115690.0,8.3228,4091.432,4092.67,4091.9395
2026-06-17 09:45,1,上证指数,4074.29,4088.55,4074.29,4083.15,125111052.0,25.9506,4090.432,4091.174,4092.1695
2026-06-17 10:00,1,上证指数,4083.19,4090.3,4082.61,4087.04,60048336.0,12.4553,4088.698,4089.993,4092.55
2026-06-17 10:15,1,上证指数,4086.84,4098.59,4086.84,4098.5,44668861.0,9.2653,4089.456,4089.982000000001,4093.09
2026-06-17 10:30,1,上证指数,4098.63,4098.7,4090.15,4091.59,37961810.0,7.8741,4090.434,4089.924,4092.846
2026-06-17 10:45,1,上证指数,4091.58,4095.89,4086.01,4087.86,30952070.0,6.4201,4089.628,4090.53,4092.6985
2026-06-17 11:00,1,上证指数,4087.69,4091.84,4083.82,4089.36,28293151.0,5.8686,4090.87,4090.651,4092.7665
2026-06-17 11:15,1,上证指数,4089.23,4091.58,4084.44,4085.63,24457904.0,5.0731,4090.5880000000006,4089.643,4092.282
2026-06-17 11:30,1,上证指数,4085.77,4086.86,4077.16,4084.54,22993101.0,4.7692,4087.796,4088.626,4091.739
2026-06-17 13:15,1,上证指数,4084.54,4086.18,4073.73,4083.08,31711121.0,6.5775,4086.094,4088.264,4090.696500000001
2026-06-17 13:30,1,上证指数,4082.37,4088.5,4080.97,4088.5,22645005.0,4.697,4086.222,4087.925,4090.2975
2026-06-17 13:45,1,上证指数,4088.62,4097.64,4086.88,4095.15,26338319.0,5.4631,4087.38,4089.125,4090.1495
2026-06-17 14:00,1,上证指数,4095.58,4095.58,4088.6,4092.43,28718203.0,5.9568,4088.74,4089.664,4089.828500000001
2026-06-17 14:15,1,上证指数,4092.32,4094.54,4086.7,4089.11,30401794.0,6.306,4089.654,4088.725,4089.3535
2026-06-17 14:30,1,上证指数,4088.82,4092.2,4087.09,4088.44,21325290.0,4.4233,4090.726,4088.41,4089.167
2026-06-17 14:45,1,上证指数,4088.06,4101.27,4087.83,4101.27,29367646.0,6.0915,4093.28,4089.751,4090.1405
2026-06-17 15:00,1,上证指数,4101.22,4109.96,4101.09,4108.08,43083750.0,8.9365,4095.866,4091.623,4091.137
2026-06-18 09:45,1,上证指数,4094.23,4103.38,4087.38,4103.38,134578750.0,27.91,4098.056,4093.398,4091.5205
2026-06-18 10:00,1,上证指数,4103.16,4116.82,4102.23,4116.0,71419356.0,14.81,4103.433999999999,4096.544,4092.585
2026-06-18 10:15,1,上证指数,4115.89,4117.45,4106.34,4111.27,55674961.0,11.55,4108.0,4099.362999999999,4093.8135
2026-06-18 10:30,1,上证指数,4111.45,4114.9,4105.29,4111.46,42870202.0,8.89,4110.0380000000005,4101.659,4094.792
2026-06-18 10:45,1,上证指数,4111.23,4111.54,4101.57,4103.45,37405834.0,7.76,4109.111999999999,4102.489,4095.807
2026-06-18 11:00,1,上证指数,4103.41,4104.93,4092.69,4093.39,32400496.0,6.72,4107.114,4102.585,4096.1245
2026-06-18 11:15,1,上证指数,4093.48,4096.5,4080.29,4082.85,31410751.0,6.51,4100.484,4101.959,4095.342
2026-06-18 11:30,1,上证指数,4082.76,4096.66,4082.6,4092.76,22783669.0,4.72,4096.782,4102.3910000000005,4095.4005
2026-06-18 13:15,1,上证指数,4092.76,4100.03,4091.31,4096.84,33094233.0,6.86,4093.858,4101.947999999999,4095.8495
2026-06-18 13:30,1,上证指数,4096.73,4106.91,4096.28,4104.91,24437872.0,5.07,4094.15,4101.630999999999,4096.627
2026-06-18 13:45,1,上证指数,4105.05,4106.99,4097.15,4097.15,24290295.0,5.04,4094.902,4101.008,4097.203
2026-06-18 14:00,1,上证指数,4097.12,4101.14,4092.81,4100.3,23450549.0,4.86,4098.392,4099.438,4097.991
2026-06-18 14:15,1,上证指数,4100.42,4103.0,4092.02,4098.44,23595016.0,4.89,4099.528,4098.155000000001,4098.759
2026-06-18 14:30,1,上证指数,4098.37,4102.2,4097.39,4098.32,22513670.0,4.67,4099.824,4096.840999999999,4099.25
2026-06-18 14:45,1,上证指数,4098.44,4104.05,4085.64,4096.61,32573930.0,6.76,4098.164,4096.157,4099.323
2026-06-18 15:00,1,上证指数,4096.81,4098.27,4090.48,4090.48,45616484.0,9.46,4096.83,4095.866,4099.2255
